{"stats":{"minecraft:custom":{"minecraft:interact_with_anvil":2,"minecraft:mob_kills":141,"minecraft:interact_with_crafting_table":54,"minecraft:bell_ring":3,"minecraft:damage_dealt_resisted":7,"minecraft:leave_game":2,"minecraft:time_since_death":3740,"minecraft:climb_one_cm":28794,"minecraft:sprint_one_cm":616230,"minecraft:walk_one_cm":674187,"minecraft:drop":46,"minecraft:talked_to_villager":3,"minecraft:play_time":182986,"minecraft:sneak_time":662,"minecraft:deaths":9,"minecraft:walk_under_water_one_cm":14065,"minecraft:jump":2470,"minecraft:walk_on_water_one_cm":26985,"minecraft:total_world_time":182986,"minecraft:interact_with_furnace":32,"minecraft:interact_with_cartography_table":1,"minecraft:sleep_in_bed":10,"minecraft:time_since_rest":3777,"minecraft:damage_taken":4136,"minecraft:damage_dealt":15844,"minecraft:player_kills":1,"minecraft:swim_one_cm":15685,"minecraft:fly_one_cm":514573,"minecraft:open_chest":74,"minecraft:crouch_one_cm":349,"minecraft:fall_one_cm":53896},"minecraft:picked_up":{"minecraft:coarse_dirt":9,"minecraft:iron_chestplate":1,"minecraft:crafting_table":5,"spore:mutated_heart":1,"minecraft:wheat":1,"minecraft:clay_ball":82,"iceandfire:copper_sword":2,"minecraft:ladder":1,"minecraft:anvil":2,"iceandfire:fire_lily":1,"minecraft:wooden_pickaxe":2,"jeg:scrap_workbench":1,"minecraft:brewing_stand":1,"spore:innards":1,"minecraft:string":68,"minecraft:red_bed":1,"minecraft:moss_carpet":2,"minecraft:acacia_door":1,"minecraft:iron_leggings":1,"minecraft:cracked_stone_bricks":10,"minecraft:cobbled_deepslate":1,"minecraft:azalea":1,"minecraft:poppy":2,"minecraft:melon_slice":171,"minecraft:chest":1,"minecraft:furnace":1,"minecraft:iron_boots":2,"minecraft:egg":1,"spore:tumor":2,"minecraft:stick":4,"minecraft:raw_iron":72,"minecraft:stone":6,"minecraft:big_dripleaf":3,"jeg:pistol_ammo":21,"minecraft:torch":19,"minecraft:acacia_log":35,"minecraft:diorite":8,"minecraft:redstone":9,"minecraft:arrow":5,"minecraft:rotten_flesh":24,"minecraft:hay_block":42,"minecraft:bookshelf":2,"minecraft:glow_berries":4,"minecraft:iron_bars":41,"minecraft:cobblestone":159,"minecraft:enchanting_table":1,"minecraft:acacia_wood":3,"paraglider:spirit_orb":6,"minecraft:flint":2,"minecraft:cobblestone_wall":4,"jeg:scrap":51,"minecraft:magenta_bed":2,"minecraft:gunpowder":13,"minecraft:lapis_lazuli":43,"minecraft:dirt":31,"jeg:grenade":10,"minecraft:orange_terracotta":5,"minecraft:bone":16,"minecraft:acacia_planks":3,"minecraft:stone_bricks":6,"minecraft:bow":1,"minecraft:gray_terracotta":2,"minecraft:wheat_seeds":13,"minecraft:raw_gold":1,"spore:mutated_fiber":8,"minecraft:mossy_stone_bricks":1,"minecraft:moss_block":4,"minecraft:acacia_sapling":3,"jeg:tech_trash":11,"minecraft:book":51,"iceandfire:copper_nugget":64,"spore:cerebrum":1,"spore:armor_fragment":5,"minecraft:dandelion":3,"minecraft:gravel":11,"minecraft:spider_eye":19,"spore:claw_fragment":9,"jeg:custom_smg":2,"minecraft:iron_helmet":1,"minecraft:bread":57,"minecraft:rooted_dirt":1,"minecraft:coal":32},"minecraft:killed":{"hordes:zombie_player":4,"spore:braiomil":1,"minecraft:spider":75,"spore:leaper":2,"minecraft:skeleton":12,"spore:griefer":1,"spore:spitter":1,"minecraft:cat":1,"minecraft:zombie_villager":3,"spore:scamper":1,"minecraft:creeper":10,"spore:inf_villager":1,"minecraft:zombie":12,"spore:inf_human":2,"spore:knight":1},"minecraft:killed_by":{"minecraft:player":1},"minecraft:used":{"minecraft:enchanting_table":1,"minecraft:iron_bars":41,"minecraft:ladder":1,"minecraft:chest":9,"minecraft:stone":4,"minecraft:rotten_flesh":2,"minecraft:iron_chestplate":4,"minecraft:torch":35,"minecraft:brewing_stand":1,"minecraft:dirt":20,"minecraft:anvil":2,"iceandfire:copper_sword":368,"jeg:custom_smg":708,"jeg:grenade":3,"minecraft:bookshelf":45,"minecraft:iron_helmet":4,"minecraft:iron_boots":4,"minecraft:stone_bricks":5,"minecraft:furnace":3,"minecraft:egg":1,"minecraft:acacia_planks":11,"minecraft:orange_terracotta":1,"minecraft:iron_leggings":4,"minecraft:mossy_stone_bricks":1,"minecraft:diorite":5,"minecraft:stone_pickaxe":258,"minecraft:wooden_pickaxe":93,"minecraft:cracked_stone_bricks":10,"minecraft:glow_berries":6,"iceandfire:copper_pile":7,"minecraft:oak_slab":5,"minecraft:crafting_table":6,"minecraft:red_bed":1,"minecraft:magenta_bed":1,"minecraft:blue_stained_glass_pane":15,"minecraft:gray_terracotta":2,"minecraft:bread":48,"minecraft:melon_slice":90,"minecraft:iron_pickaxe":57,"jeg:scrap_workbench":1,"minecraft:cobblestone":41,"minecraft:coarse_dirt":7},"minecraft:dropped":{"minecraft:bread":64,"minecraft:moss_block":4,"minecraft:wheat_seeds":11,"minecraft:book":12,"minecraft:rooted_dirt":1,"jeg:grenade":2,"minecraft:dirt":1,"jeg:custom_smg":1,"minecraft:diorite":3,"minecraft:melon_slice":1,"minecraft:acacia_door":1,"minecraft:acacia_planks":6,"minecraft:dandelion":3,"minecraft:moss_carpet":2,"minecraft:coarse_dirt":2,"minecraft:cobbled_deepslate":1,"minecraft:cobblestone_wall":4,"minecraft:wheat":1,"minecraft:rotten_flesh":14,"minecraft:clay_ball":52,"iceandfire:fire_lily":1,"minecraft:big_dripleaf":1,"minecraft:orange_terracotta":4,"minecraft:azalea":1,"minecraft:acacia_sapling":1,"minecraft:stone_bricks":1,"minecraft:wooden_pickaxe":1,"minecraft:raw_gold":1},"minecraft:mined":{"spore:wall_growths_big":2,"minecraft:blue_stained_glass_pane":2,"iceandfire:copper_pile":7,"minecraft:brewing_stand":1,"minecraft:cave_vines_plant":2,"minecraft:acacia_log":35,"minecraft:grass_block":6,"spore:fungal_stem":2,"minecraft:moss_block":4,"spore:growths_small":4,"minecraft:rooted_dirt":1,"minecraft:spawner":3,"minecraft:light_blue_stained_glass":4,"minecraft:hay_block":42,"minecraft:iron_ore":44,"spore:blomfung":1,"minecraft:anvil":2,"minecraft:deepslate_lapis_ore":5,"spore:growth_mycelium":1,"minecraft:enchanting_table":1,"minecraft:bookshelf":15,"minecraft:deepslate_iron_ore":28,"minecraft:vine":2,"minecraft:iron_bars":41,"minecraft:stone":74,"minecraft:deepslate_redstone_ore":2,"minecraft:gray_terracotta":2,"minecraft:acacia_leaves":22,"jeg:scrap_ore":16,"minecraft:glass_pane":4,"minecraft:blue_stained_glass":5,"minecraft:clay":1,"spore:growths_big":4,"minecraft:crafting_table":4,"minecraft:torch":3,"minecraft:gray_stained_glass":4,"minecraft:melon":18,"minecraft:chest":1,"minecraft:white_stained_glass_pane":21,"iceandfire:fire_lily":1,"minecraft:tall_grass":1,"minecraft:cobblestone":22,"minecraft:lapis_ore":4,"minecraft:diorite":8,"minecraft:wall_torch":15,"minecraft:big_dripleaf":1,"minecraft:coarse_dirt":8,"minecraft:cobblestone_wall":2,"spore:bloomfung2":1,"minecraft:wheat":1,"minecraft:grass":11,"minecraft:coal_ore":29,"minecraft:gravel":1,"minecraft:dirt":19,"minecraft:cobweb":5,"minecraft:cracked_stone_bricks":10,"minecraft:acacia_planks":3,"minecraft:stone_bricks":6,"minecraft:gold_ore":1,"minecraft:deepslate":1},"minecraft:broken":{"minecraft:wooden_pickaxe":1,"minecraft:stone_pickaxe":1},"minecraft:crafted":{"minecraft:furnace":2,"minecraft:stone":3,"minecraft:lever":2,"minecraft:bookshelf":13,"minecraft:repeater":1,"minecraft:iron_boots":1,"minecraft:stone_pickaxe":2,"minecraft:chest":6,"minecraft:wheat":378,"minecraft:red_dye":2,"minecraft:crafting_table":1,"minecraft:wooden_pickaxe":1,"minecraft:iron_helmet":1,"iceandfire:copper_pile":32,"minecraft:bread":132,"minecraft:iron_chestplate":1,"minecraft:stick":16,"jeg:custom_smg":1,"minecraft:iron_ingot":72,"minecraft:iron_pickaxe":1,"minecraft:iron_leggings":1,"minecraft:redstone_torch":2,"minecraft:acacia_planks":152,"minecraft:torch":16}},"DataVersion":3465}