{"stats":{"minecraft:used":{"minecraft:enchanting_table":1,"minecraft:iron_bars":41,"minecraft:ladder":1,"minecraft:chest":11,"minecraft:stone":4,"minecraft:iron_sword":70,"minecraft:rotten_flesh":7,"minecraft:iron_chestplate":8,"minecraft:torch":48,"minecraft:brewing_stand":1,"minecraft:dirt":20,"minecraft:anvil":2,"iceandfire:copper_sword":521,"jeg:custom_smg":796,"jeg:grenade":8,"minecraft:bookshelf":45,"minecraft:iron_helmet":7,"minecraft:iron_boots":9,"minecraft:stone_bricks":5,"minecraft:sweet_berries":35,"minecraft:furnace":4,"minecraft:egg":1,"minecraft:acacia_planks":11,"minecraft:orange_terracotta":1,"minecraft:iron_leggings":8,"minecraft:wheat_seeds":144,"minecraft:mossy_stone_bricks":1,"minecraft:diorite":5,"minecraft:stone_pickaxe":265,"minecraft:wooden_pickaxe":94,"minecraft:cracked_stone_bricks":11,"minecraft:golden_apple":1,"minecraft:glow_berries":6,"minecraft:oak_slab":5,"iceandfire:copper_pile":7,"minecraft:crafting_table":8,"minecraft:red_bed":1,"minecraft:magenta_bed":10,"minecraft:blue_stained_glass_pane":15,"minecraft:gray_terracotta":2,"minecraft:bread":96,"minecraft:melon_slice":168,"minecraft:iron_pickaxe":116,"minecraft:gravel":1,"jeg:scrap_workbench":1,"minecraft:cobblestone":58,"minecraft:coarse_dirt":7},"minecraft:crafted":{"minecraft:furnace":2,"minecraft:stone":3,"minecraft:lever":2,"minecraft:bookshelf":13,"minecraft:repeater":1,"minecraft:iron_boots":1,"minecraft:stone_pickaxe":2,"minecraft:chest":6,"minecraft:wheat":378,"minecraft:red_dye":2,"minecraft:crafting_table":2,"minecraft:iron_helmet":1,"minecraft:wooden_pickaxe":1,"minecraft:iron_sword":1,"iceandfire:copper_pile":32,"minecraft:bread":167,"minecraft:iron_chestplate":1,"minecraft:stick":16,"jeg:custom_smg":1,"minecraft:iron_ingot":72,"minecraft:iron_pickaxe":1,"minecraft:iron_leggings":1,"minecraft:redstone_torch":2,"minecraft:acacia_planks":156,"minecraft:torch":16},"minecraft:broken":{"minecraft:iron_boots":1,"minecraft:wooden_pickaxe":1,"minecraft:stone_pickaxe":2,"minecraft:iron_helmet":1},"minecraft:picked_up":{"minecraft:crafting_table":7,"minecraft:iron_chestplate":1,"minecraft:coarse_dirt":10,"minecraft:wheat":105,"minecraft:clay_ball":82,"iceandfire:copper_sword":3,"minecraft:ladder":3,"minecraft:anvil":2,"iceandfire:fire_lily":1,"minecraft:wooden_pickaxe":2,"jeg:scrap_workbench":1,"minecraft:chain":1,"minecraft:brewing_stand":1,"minecraft:shield":1,"minecraft:string":73,"minecraft:red_bed":1,"minecraft:moss_carpet":2,"minecraft:raw_copper":26,"minecraft:smooth_stone_slab":1,"minecraft:acacia_door":1,"minecraft:iron_leggings":1,"jeg:revolver":1,"minecraft:cracked_stone_bricks":14,"minecraft:diamond_leggings":1,"minecraft:cobbled_deepslate":1,"minecraft:beef":4,"minecraft:azalea":1,"minecraft:poppy":2,"minecraft:melon_slice":246,"minecraft:chest":2,"minecraft:furnace":2,"minecraft:iron_boots":2,"minecraft:egg":1,"minecraft:dark_oak_sapling":1,"minecraft:stick":4,"minecraft:raw_iron":84,"minecraft:stone":6,"minecraft:big_dripleaf":3,"jeg:pistol_ammo":34,"minecraft:torch":31,"minecraft:acacia_log":36,"minecraft:diorite":8,"minecraft:redstone":9,"minecraft:rotten_flesh":37,"minecraft:arrow":6,"minecraft:diamond_chestplate":1,"minecraft:diamond_boots":1,"minecraft:hay_block":42,"minecraft:bookshelf":2,"minecraft:glow_berries":4,"minecraft:mutton":5,"minecraft:iron_bars":41,"minecraft:white_wool":4,"minecraft:cobblestone":187,"minecraft:birch_log":5,"minecraft:enchanting_table":1,"minecraft:leather":4,"minecraft:acacia_wood":3,"paraglider:spirit_orb":6,"minecraft:flint":2,"minecraft:cobblestone_wall":5,"jeg:scrap":51,"minecraft:magenta_bed":11,"minecraft:gunpowder":13,"minecraft:lapis_lazuli":43,"minecraft:dirt":36,"minecraft:paper":1,"jeg:grenade":10,"minecraft:orange_terracotta":5,"minecraft:bone":19,"minecraft:apple":1,"minecraft:acacia_planks":3,"minecraft:stone_bricks":9,"minecraft:bow":1,"minecraft:gray_terracotta":2,"minecraft:wheat_seeds":306,"minecraft:raw_gold":1,"minecraft:mossy_stone_bricks":1,"minecraft:diamond_helmet":1,"minecraft:moss_block":4,"minecraft:acacia_sapling":3,"jeg:tech_trash":11,"minecraft:book":60,"iceandfire:copper_nugget":64,"minecraft:sweet_berries":39,"minecraft:dandelion":3,"minecraft:gravel":12,"minecraft:sand":16,"minecraft:mossy_cobblestone":7,"minecraft:spider_eye":23,"jeg:custom_smg":2,"minecraft:iron_helmet":1,"minecraft:golden_apple":1,"minecraft:bread":57,"minecraft:rooted_dirt":3,"minecraft:melon_seeds":13,"minecraft:coal":42},"minecraft:killed":{"hordes:zombie_player":4,"minecraft:spider":88,"minecraft:skeleton":15,"minecraft:horse":1,"minecraft:drowned":1,"minecraft:cat":1,"minecraft:zombie_villager":5,"minecraft:creeper":12,"minecraft:sheep":4,"minecraft:zombie":23,"minecraft:cow":2},"minecraft:killed_by":{"minecraft:player":1},"minecraft:mined":{"minecraft:attached_melon_stem":1,"minecraft:blue_stained_glass_pane":5,"minecraft:mossy_cobblestone":5,"iceandfire:copper_pile":7,"minecraft:dark_oak_log":1,"minecraft:brewing_stand":1,"minecraft:cave_vines_plant":2,"minecraft:acacia_log":36,"minecraft:grass_block":7,"minecraft:moss_block":4,"minecraft:rooted_dirt":1,"minecraft:spawner":3,"minecraft:light_blue_stained_glass":4,"minecraft:hay_block":42,"minecraft:furnace":1,"minecraft:iron_ore":57,"minecraft:anvil":2,"minecraft:deepslate_lapis_ore":5,"minecraft:enchanting_table":1,"minecraft:bookshelf":18,"minecraft:vine":12,"minecraft:deepslate_iron_ore":28,"minecraft:iron_bars":41,"minecraft:stone":86,"minecraft:deepslate_redstone_ore":2,"minecraft:gray_terracotta":2,"minecraft:acacia_leaves":22,"minecraft:glass_pane":4,"jeg:scrap_ore":16,"minecraft:melon_stem":6,"minecraft:blue_stained_glass":5,"minecraft:clay":1,"minecraft:crafting_table":6,"minecraft:torch":12,"minecraft:gray_stained_glass":4,"minecraft:melon":33,"minecraft:chest":2,"minecraft:white_stained_glass_pane":23,"iceandfire:fire_lily":1,"minecraft:copper_ore":6,"minecraft:tall_grass":1,"minecraft:cobblestone":30,"minecraft:lapis_ore":4,"minecraft:diorite":8,"minecraft:wall_torch":18,"minecraft:big_dripleaf":1,"minecraft:coarse_dirt":8,"minecraft:cobblestone_wall":3,"minecraft:sweet_berry_bush":19,"minecraft:wheat":124,"minecraft:magenta_bed":9,"minecraft:smooth_stone_slab":1,"minecraft:grass":43,"minecraft:coal_ore":39,"minecraft:gravel":2,"minecraft:dirt":19,"minecraft:cobweb":6,"minecraft:cracked_stone_bricks":12,"minecraft:acacia_planks":3,"minecraft:stone_bricks":9,"minecraft:gold_ore":1,"minecraft:deepslate":1,"minecraft:fern":2},"minecraft:dropped":{"minecraft:bread":84,"minecraft:moss_block":4,"minecraft:wheat_seeds":160,"minecraft:diamond_leggings":1,"minecraft:book":12,"minecraft:rooted_dirt":1,"jeg:grenade":2,"minecraft:magenta_bed":1,"minecraft:dirt":1,"jeg:custom_smg":1,"minecraft:diorite":3,"minecraft:melon_slice":1,"minecraft:diamond_helmet":1,"minecraft:acacia_door":1,"minecraft:acacia_planks":6,"minecraft:dandelion":3,"minecraft:moss_carpet":2,"minecraft:coarse_dirt":2,"minecraft:cobblestone_wall":4,"minecraft:cobbled_deepslate":1,"minecraft:wheat":1,"minecraft:rotten_flesh":14,"minecraft:clay_ball":52,"iceandfire:fire_lily":1,"minecraft:big_dripleaf":1,"jeg:revolver":1,"minecraft:shield":1,"iceandfire:copper_sword":1,"minecraft:diamond_chestplate":1,"minecraft:orange_terracotta":4,"minecraft:melon_seeds":13,"minecraft:azalea":1,"minecraft:acacia_sapling":1,"minecraft:stone_bricks":1,"minecraft:diamond_boots":1,"minecraft:wooden_pickaxe":1,"minecraft:raw_gold":1},"minecraft:custom":{"minecraft:interact_with_anvil":6,"minecraft:mob_kills":190,"minecraft:interact_with_crafting_table":64,"minecraft:bell_ring":3,"minecraft:damage_dealt_resisted":7,"minecraft:leave_game":5,"minecraft:time_since_death":33195,"minecraft:climb_one_cm":75439,"minecraft:sprint_one_cm":800290,"minecraft:walk_one_cm":1418240,"minecraft:drop":226,"minecraft:talked_to_villager":4,"minecraft:play_time":304739,"minecraft:sneak_time":1188,"minecraft:deaths":13,"minecraft:walk_under_water_one_cm":78646,"minecraft:jump":3304,"minecraft:walk_on_water_one_cm":56870,"minecraft:enchant_item":3,"minecraft:total_world_time":304739,"minecraft:interact_with_furnace":33,"minecraft:interact_with_cartography_table":1,"minecraft:sleep_in_bed":14,"minecraft:time_since_rest":33224,"minecraft:damage_taken":8315,"minecraft:damage_dealt":23518,"minecraft:player_kills":1,"minecraft:swim_one_cm":76654,"minecraft:fly_one_cm":596706,"minecraft:open_chest":159,"minecraft:crouch_one_cm":2209,"minecraft:fall_one_cm":64870}},"DataVersion":3465}