{"stats":{"minecraft:dropped":{"minecraft:iron_sword":1,"minecraft:wheat_seeds":1,"minecraft:book":6,"spore:tendons":3,"jeg:grenade":8,"minecraft:spruce_door":1,"jeg:raw_brimstone":2,"minecraft:melon_slice":8,"minecraft:iron_pickaxe":1,"minecraft:stone_axe":1,"jeg:pistol_ammo":32},"minecraft:used":{"themutantmobsmod:mutantstray_spawn_egg":1,"minecraft:azalea":1,"minecraft:stone_sword":59,"themutantmobsmod:mutant_netherite_golem_spawn_egg":1,"themutantmobsmod:mutant_zoglin_spawn_egg":2,"minecraft:spruce_planks":10,"jeg:holy_shotgun":16,"themutantmobsmod:gigaillager_spawn_egg":1,"minecraft:cooked_chicken":3,"jeg:atlantean_spear":1,"minecraft:rotten_flesh":8,"minecraft:iron_chestplate":1,"minecraft:torch":8,"jeg:burst_rifle":15,"minecraft:dirt":170,"themutantmobsmod:mutant_sniffer_spawn_egg":1,"jeg:gunnite_workbench":1,"minecraft:carrot":1,"minecraft:jungle_planks":3,"minecraft:spruce_stairs":4,"jeg:grenade":5,"themutantmobsmod:mutant_zombie_villager_spawn_egg":1,"guardvillagers:illusioner_spawn_egg":1,"minecraft:iron_helmet":1,"minecraft:iron_boots":1,"themutantmobsmod:mutant_strider_spawn_egg":1,"minecraft:tadpole_bucket":2,"themutantmobsmod:mutant_ghast_spawn_egg":1,"minecraft:beef":13,"minecraft:sweet_berries":44,"minecraft:furnace":1,"jeg:revolver":335,"minecraft:egg":1,"minecraft:cooked_beef":6,"minecraft:potato":5,"jeg:water_bomb":3,"themutantmobsmod:mutant_zombified_piglin_spawn_egg":1,"minecraft:iron_leggings":1,"minecraft:cooked_mutton":3,"minecraft:water_bucket":1,"minecraft:spruce_door":2,"jeg:combat_rifle":73,"minecraft:stone_pickaxe":88,"minecraft:polished_andesite":1,"minecraft:baked_potato":1,"minecraft:oak_planks":4,"minecraft:leather_chestplate":1,"minecraft:wooden_pickaxe":36,"minecraft:blue_bed":1,"minecraft:salmon":7,"minecraft:glow_berries":7,"jeg:gunmetal_workbench":1,"themutantmobsmod:alpha_mutant_iron_golem_spawn_egg":1,"minecraft:crafting_table":3,"jeg:typhoonee":3,"minecraft:apple":1,"themutantmobsmod:mutant_ravager_spawn_egg":1,"minecraft:bread":1,"minecraft:melon_slice":27,"themutantmobsmod:mutant_drowned_spawn_egg":1,"themutantmobsmod:mutantenderdragon_spawn_egg":1,"jeg:scrap_workbench":2,"themutantmobsmod:mutant_warden_spawn_egg":1,"minecraft:stone_axe":15,"minecraft:wooden_sword":8,"minecraft:cobblestone":14,"minecraft:potion":2,"minecraft:purple_bed":1,"minecraft:cooked_porkchop":1,"minecraft:bucket":2,"jeg:blossom_rifle":21},"minecraft:killed":{"hordes:zombie_player":3,"graveyard:nightmare":1,"minecraft:tadpole":1,"minecraft:phantom":1,"minecraft:skeleton":9,"minecraft:horse":1,"minecraft:chicken":1,"themutantmobsmod:mutantstray":1,"minecraft:zombie_villager":3,"minecraft:creeper":1,"minecraft:sheep":4,"minecraft:zombie":9,"minecraft:stray":21,"mutantmonsters:mutant_creeper":1,"minecraft:cow":9,"minecraft:enderman":1},"minecraft:mined":{"minecraft:spruce_planks":1,"iceandfire:silver_ore":7,"minecraft:jungle_leaves":5,"minecraft:cave_vines_plant":1,"minecraft:grass_block":4,"minecraft:jungle_log":4,"minecraft:spawner":3,"minecraft:large_fern":1,"minecraft:tall_seagrass":2,"minecraft:iron_ore":1,"minecraft:bookshelf":2,"minecraft:vine":2,"minecraft:iron_bars":2,"minecraft:azalea":1,"minecraft:stone":18,"minecraft:crafting_table":1,"minecraft:torch":4,"minecraft:melon":6,"minecraft:cobblestone":7,"minecraft:tall_grass":10,"minecraft:copper_ore":40,"minecraft:oak_planks":3,"minecraft:wall_torch":2,"minecraft:spruce_stairs":1,"minecraft:purple_bed":1,"minecraft:sweet_berry_bush":10,"minecraft:grass":8,"minecraft:oak_log":2,"minecraft:coal_ore":14,"minecraft:dirt":6,"minecraft:oak_leaves":3,"minecraft:fern":2},"minecraft:picked_up":{"minecraft:iron_chestplate":2,"minecraft:crafting_table":2,"minecraft:chicken":3,"minecraft:wooden_pickaxe":1,"minecraft:enchanted_book":2,"minecraft:shield":2,"iceandfire:armor_silver_metal_chestplate":2,"minecraft:raw_copper":91,"minecraft:wooden_sword":1,"jeg:revolver":2,"minecraft:blue_orchid":3,"graveyard:corruption":3,"minecraft:cracked_stone_bricks":3,"minecraft:bucket":2,"minecraft:spruce_planks":6,"minecraft:beef":16,"iceandfire:armor_silver_metal_leggings":2,"minecraft:azalea":1,"minecraft:iron_nugget":24,"minecraft:iron_pickaxe":1,"minecraft:melon_slice":35,"minecraft:spruce_trapdoor":2,"minecraft:egg":1,"minecraft:stick":6,"minecraft:raw_iron":12,"jeg:pistol_ammo":32,"minecraft:torch":12,"minecraft:spruce_stairs":4,"minecraft:porkchop":5,"jeg:vertical_grip":2,"jeg:tactical_stock":2,"minecraft:golden_chestplate":2,"iceandfire:armor_silver_metal_boots":2,"minecraft:stone_sword":6,"minecraft:arrow":7,"minecraft:rotten_flesh":13,"jeg:holographic_sight":2,"minecraft:saddle":1,"minecraft:tadpole_bucket":1,"minecraft:glow_berries":3,"spore:tendons":3,"minecraft:mutton":6,"jeg:raw_brimstone":2,"minecraft:iron_bars":8,"minecraft:white_wool":8,"minecraft:cobblestone":36,"minecraft:clock":1,"minecraft:feather":5,"minecraft:cooked_beef":3,"minecraft:jungle_log":4,"minecraft:salmon":7,"minecraft:leather":8,"paraglider:spirit_orb":14,"minecraft:oak_log":6,"minecraft:gunpowder":8,"minecraft:dirt":29,"minecraft:blue_bed":1,"jeg:grenade":20,"minecraft:bone":13,"minecraft:wheat_seeds":3,"minecraft:wild_armor_trim_smithing_template":4,"iceandfire:armor_silver_metal_helmet":2,"minecraft:stone_pickaxe":5,"minecraft:glass_bottle":4,"minecraft:iron_sword":1,"minecraft:oak_planks":9,"minecraft:book":6,"minecraft:sweet_berries":23,"minecraft:oak_pressure_plate":1,"minecraft:jungle_planks":3,"minecraft:stripped_spruce_log":2,"minecraft:ink_sac":1,"minecraft:spruce_log":1,"minecraft:spider_eye":4,"minecraft:spruce_door":3,"minecraft:leather_helmet":2,"minecraft:polished_andesite":1,"minecraft:purple_bed":1,"minecraft:stone_axe":3,"minecraft:light_blue_carpet":4,"minecraft:baked_potato":1,"minecraft:coal":15,"iceandfire:raw_silver":8},"minecraft:crafted":{"minecraft:wooden_sword":1,"minecraft:oak_planks":8,"minecraft:cooked_chicken":3,"minecraft:furnace":1,"minecraft:cooked_mutton":3,"minecraft:stone_pickaxe":1,"minecraft:cooked_beef":3,"minecraft:crafting_table":2,"minecraft:spruce_planks":12,"minecraft:wooden_pickaxe":1,"minecraft:copper_ingot":32,"minecraft:jungle_planks":16,"minecraft:stick":8,"minecraft:leather_chestplate":1,"minecraft:stone_sword":1,"minecraft:torch":4},"minecraft:killed_by":{"minecraft:zombie":2},"minecraft:custom":{"minecraft:mob_kills":68,"minecraft:interact_with_crafting_table":5,"minecraft:open_barrel":5,"minecraft:damage_dealt_resisted":11,"minecraft:leave_game":1,"minecraft:time_since_death":4526,"minecraft:climb_one_cm":1220,"minecraft:sprint_one_cm":204244,"minecraft:walk_one_cm":367154,"minecraft:drop":18,"minecraft:damage_dealt_absorbed":45,"minecraft:play_time":103202,"minecraft:deaths":5,"minecraft:sneak_time":2,"minecraft:walk_under_water_one_cm":25812,"minecraft:jump":756,"minecraft:walk_on_water_one_cm":25342,"minecraft:total_world_time":103202,"minecraft:interact_with_furnace":16,"minecraft:sleep_in_bed":1,"minecraft:time_since_rest":4559,"minecraft:damage_taken":3579,"minecraft:damage_dealt":2866,"minecraft:fly_one_cm":192480,"minecraft:swim_one_cm":41864,"minecraft:open_chest":34,"minecraft:crouch_one_cm":617,"minecraft:fall_one_cm":15982}},"DataVersion":3465}