{"stats":{"minecraft:used":{"minecraft:wooden_axe":10,"minecraft:apple":2,"minecraft:bread":2},"minecraft:picked_up":{"minecraft:wooden_axe":2,"minecraft:light_gray_terracotta":2,"minecraft:stick":9,"minecraft:arrow":2,"minecraft:apple":2,"minecraft:salmon":2,"minecraft:jungle_log":1,"minecraft:acacia_log":2,"minecraft:oak_log":3,"minecraft:bread":2,"minecraft:gunpowder":3,"minecraft:smooth_stone_slab":2,"minecraft:quartz_block":2,"minecraft:acacia_sapling":1,"minecraft:dirt":9},"minecraft:killed":{"minecraft:skeleton":1,"minecraft:creeper":1},"minecraft:custom":{"minecraft:time_since_rest":0,"minecraft:open_chest":1,"minecraft:crouch_one_cm":107,"minecraft:sprint_one_cm":4358,"minecraft:play_time":17049,"minecraft:deaths":4,"minecraft:damage_taken":1952,"minecraft:walk_one_cm":63828,"minecraft:sneak_time":154,"minecraft:mob_kills":2,"minecraft:drop":1,"minecraft:jump":34,"minecraft:damage_dealt":623,"minecraft:leave_game":2,"minecraft:time_since_death":0,"minecraft:total_world_time":17049,"minecraft:fall_one_cm":3647,"minecraft:fly_one_cm":13800},"minecraft:mined":{"minecraft:gray_stained_glass":3,"minecraft:glass_pane":10,"minecraft:quartz_block":31,"minecraft:glass":1,"minecraft:blue_stained_glass":1,"minecraft:light_blue_stained_glass":1,"minecraft:smooth_stone_slab":33,"minecraft:light_gray_terracotta":23},"minecraft:dropped":{"minecraft:wooden_axe":1}},"DataVersion":3465}