{"stats":{"minecraft:used":{"minecraft:enchanting_table":1,"minecraft:iron_bars":41,"minecraft:ladder":1,"minecraft:chest":11,"minecraft:stone":4,"minecraft:iron_sword":20,"minecraft:rotten_flesh":7,"minecraft:iron_chestplate":8,"minecraft:torch":43,"minecraft:brewing_stand":1,"minecraft:dirt":20,"minecraft:anvil":2,"iceandfire:copper_sword":509,"jeg:custom_smg":759,"jeg:grenade":8,"minecraft:bookshelf":45,"minecraft:iron_helmet":7,"minecraft:iron_boots":9,"minecraft:stone_bricks":5,"minecraft:furnace":4,"minecraft:egg":1,"minecraft:acacia_planks":11,"minecraft:orange_terracotta":1,"minecraft:iron_leggings":8,"minecraft:wheat_seeds":144,"minecraft:mossy_stone_bricks":1,"minecraft:diorite":5,"minecraft:stone_pickaxe":265,"minecraft:wooden_pickaxe":94,"minecraft:cracked_stone_bricks":11,"minecraft:glow_berries":6,"iceandfire:copper_pile":7,"minecraft:oak_slab":5,"minecraft:crafting_table":8,"minecraft:red_bed":1,"minecraft:magenta_bed":10,"minecraft:blue_stained_glass_pane":15,"minecraft:gray_terracotta":2,"minecraft:bread":88,"minecraft:melon_slice":109,"minecraft:iron_pickaxe":61,"minecraft:gravel":1,"jeg:scrap_workbench":1,"minecraft:cobblestone":43,"minecraft:coarse_dirt":7},"minecraft:crafted":{"minecraft:furnace":2,"minecraft:stone":3,"minecraft:lever":2,"minecraft:bookshelf":13,"minecraft:repeater":1,"minecraft:iron_boots":1,"minecraft:stone_pickaxe":2,"minecraft:chest":6,"minecraft:wheat":378,"minecraft:red_dye":2,"minecraft:crafting_table":2,"minecraft:iron_helmet":1,"minecraft:wooden_pickaxe":1,"minecraft:iron_sword":1,"iceandfire:copper_pile":32,"minecraft:bread":167,"minecraft:iron_chestplate":1,"minecraft:stick":16,"jeg:custom_smg":1,"minecraft:iron_ingot":72,"minecraft:iron_pickaxe":1,"minecraft:iron_leggings":1,"minecraft:redstone_torch":2,"minecraft:acacia_planks":156,"minecraft:torch":16},"minecraft:broken":{"minecraft:iron_boots":1,"minecraft:wooden_pickaxe":1,"minecraft:stone_pickaxe":2,"minecraft:iron_helmet":1},"minecraft:picked_up":{"minecraft:crafting_table":7,"minecraft:iron_chestplate":1,"minecraft:coarse_dirt":10,"minecraft:wheat":105,"minecraft:clay_ball":82,"iceandfire:copper_sword":3,"minecraft:ladder":1,"minecraft:anvil":2,"iceandfire:fire_lily":1,"minecraft:wooden_pickaxe":2,"jeg:scrap_workbench":1,"minecraft:brewing_stand":1,"minecraft:shield":1,"minecraft:string":73,"minecraft:red_bed":1,"minecraft:moss_carpet":2,"minecraft:acacia_door":1,"minecraft:iron_leggings":1,"jeg:revolver":1,"minecraft:cracked_stone_bricks":12,"minecraft:diamond_leggings":1,"minecraft:cobbled_deepslate":1,"minecraft:azalea":1,"minecraft:poppy":2,"minecraft:melon_slice":187,"minecraft:chest":2,"minecraft:furnace":2,"minecraft:iron_boots":2,"minecraft:egg":1,"minecraft:stick":4,"minecraft:raw_iron":72,"minecraft:stone":6,"minecraft:big_dripleaf":3,"jeg:pistol_ammo":34,"minecraft:torch":27,"minecraft:acacia_log":36,"minecraft:diorite":8,"minecraft:redstone":9,"minecraft:rotten_flesh":30,"minecraft:arrow":6,"minecraft:diamond_chestplate":1,"minecraft:diamond_boots":1,"minecraft:hay_block":42,"minecraft:bookshelf":2,"minecraft:glow_berries":4,"minecraft:iron_bars":41,"minecraft:cobblestone":161,"minecraft:enchanting_table":1,"minecraft:leather":1,"minecraft:acacia_wood":3,"paraglider:spirit_orb":6,"minecraft:flint":2,"minecraft:cobblestone_wall":4,"jeg:scrap":51,"minecraft:magenta_bed":11,"minecraft:gunpowder":13,"minecraft:lapis_lazuli":43,"minecraft:dirt":32,"minecraft:paper":1,"jeg:grenade":10,"minecraft:orange_terracotta":5,"minecraft:bone":16,"minecraft:acacia_planks":3,"minecraft:stone_bricks":6,"minecraft:bow":1,"minecraft:gray_terracotta":2,"minecraft:wheat_seeds":306,"minecraft:raw_gold":1,"minecraft:mossy_stone_bricks":1,"minecraft:diamond_helmet":1,"minecraft:moss_block":4,"minecraft:acacia_sapling":3,"jeg:tech_trash":11,"minecraft:book":60,"iceandfire:copper_nugget":64,"minecraft:dandelion":3,"minecraft:gravel":12,"minecraft:spider_eye":23,"jeg:custom_smg":2,"minecraft:iron_helmet":1,"minecraft:bread":57,"minecraft:rooted_dirt":1,"minecraft:melon_seeds":13,"minecraft:coal":34},"minecraft:killed":{"hordes:zombie_player":4,"minecraft:spider":87,"minecraft:skeleton":13,"minecraft:horse":1,"minecraft:drowned":1,"minecraft:cat":1,"minecraft:zombie_villager":3,"minecraft:creeper":12,"minecraft:zombie":18},"minecraft:killed_by":{"minecraft:player":1},"minecraft:mined":{"minecraft:attached_melon_stem":1,"minecraft:blue_stained_glass_pane":5,"iceandfire:copper_pile":7,"minecraft:brewing_stand":1,"minecraft:cave_vines_plant":2,"minecraft:acacia_log":36,"minecraft:grass_block":6,"minecraft:moss_block":4,"minecraft:rooted_dirt":1,"minecraft:spawner":3,"minecraft:light_blue_stained_glass":4,"minecraft:hay_block":42,"minecraft:furnace":1,"minecraft:iron_ore":44,"minecraft:anvil":2,"minecraft:deepslate_lapis_ore":5,"minecraft:enchanting_table":1,"minecraft:bookshelf":18,"minecraft:vine":12,"minecraft:deepslate_iron_ore":28,"minecraft:iron_bars":41,"minecraft:stone":76,"minecraft:deepslate_redstone_ore":2,"minecraft:gray_terracotta":2,"minecraft:acacia_leaves":22,"jeg:scrap_ore":16,"minecraft:glass_pane":4,"minecraft:melon_stem":6,"minecraft:blue_stained_glass":5,"minecraft:clay":1,"minecraft:crafting_table":6,"minecraft:torch":10,"minecraft:gray_stained_glass":4,"minecraft:melon":22,"minecraft:chest":2,"minecraft:white_stained_glass_pane":23,"iceandfire:fire_lily":1,"minecraft:tall_grass":1,"minecraft:cobblestone":22,"minecraft:lapis_ore":4,"minecraft:diorite":8,"minecraft:wall_torch":17,"minecraft:big_dripleaf":1,"minecraft:coarse_dirt":8,"minecraft:cobblestone_wall":2,"minecraft:wheat":124,"minecraft:magenta_bed":9,"minecraft:grass":31,"minecraft:coal_ore":31,"minecraft:gravel":2,"minecraft:dirt":19,"minecraft:cobweb":6,"minecraft:cracked_stone_bricks":12,"minecraft:acacia_planks":3,"minecraft:stone_bricks":7,"minecraft:gold_ore":1,"minecraft:deepslate":1},"minecraft:dropped":{"minecraft:bread":84,"minecraft:moss_block":4,"minecraft:wheat_seeds":160,"minecraft:diamond_leggings":1,"minecraft:book":12,"minecraft:rooted_dirt":1,"jeg:grenade":2,"minecraft:magenta_bed":1,"minecraft:dirt":1,"jeg:custom_smg":1,"minecraft:diorite":3,"minecraft:melon_slice":1,"minecraft:diamond_helmet":1,"minecraft:acacia_door":1,"minecraft:acacia_planks":6,"minecraft:dandelion":3,"minecraft:moss_carpet":2,"minecraft:coarse_dirt":2,"minecraft:cobblestone_wall":4,"minecraft:cobbled_deepslate":1,"minecraft:wheat":1,"minecraft:rotten_flesh":14,"minecraft:clay_ball":52,"iceandfire:fire_lily":1,"minecraft:big_dripleaf":1,"jeg:revolver":1,"minecraft:shield":1,"iceandfire:copper_sword":1,"minecraft:diamond_chestplate":1,"minecraft:orange_terracotta":4,"minecraft:melon_seeds":13,"minecraft:azalea":1,"minecraft:acacia_sapling":1,"minecraft:stone_bricks":1,"minecraft:diamond_boots":1,"minecraft:wooden_pickaxe":1,"minecraft:raw_gold":1},"minecraft:custom":{"minecraft:interact_with_anvil":5,"minecraft:mob_kills":174,"minecraft:interact_with_crafting_table":62,"minecraft:bell_ring":3,"minecraft:damage_dealt_resisted":7,"minecraft:leave_game":4,"minecraft:time_since_death":339,"minecraft:climb_one_cm":71279,"minecraft:sprint_one_cm":658025,"minecraft:walk_one_cm":1281994,"minecraft:drop":226,"minecraft:talked_to_villager":4,"minecraft:play_time":271883,"minecraft:sneak_time":1085,"minecraft:deaths":13,"minecraft:walk_under_water_one_cm":63097,"minecraft:jump":2945,"minecraft:walk_on_water_one_cm":46311,"minecraft:enchant_item":3,"minecraft:total_world_time":271883,"minecraft:interact_with_furnace":33,"minecraft:interact_with_cartography_table":1,"minecraft:sleep_in_bed":14,"minecraft:time_since_rest":368,"minecraft:damage_taken":7238,"minecraft:damage_dealt":21684,"minecraft:player_kills":1,"minecraft:swim_one_cm":52820,"minecraft:fly_one_cm":541605,"minecraft:open_chest":139,"minecraft:crouch_one_cm":1548,"minecraft:fall_one_cm":59162}},"DataVersion":3465}