{"stats":{"minecraft:custom":{"minecraft:interact_with_anvil":2,"minecraft:mob_kills":157,"minecraft:interact_with_crafting_table":60,"minecraft:bell_ring":3,"minecraft:damage_dealt_resisted":7,"minecraft:leave_game":2,"minecraft:time_since_death":11356,"minecraft:climb_one_cm":52214,"minecraft:sprint_one_cm":634780,"minecraft:walk_one_cm":1054284,"minecraft:drop":219,"minecraft:talked_to_villager":4,"minecraft:play_time":230986,"minecraft:sneak_time":880,"minecraft:deaths":12,"minecraft:walk_under_water_one_cm":40150,"minecraft:jump":2694,"minecraft:walk_on_water_one_cm":36964,"minecraft:enchant_item":1,"minecraft:total_world_time":230986,"minecraft:interact_with_furnace":33,"minecraft:interact_with_cartography_table":1,"minecraft:sleep_in_bed":12,"minecraft:time_since_rest":11386,"minecraft:damage_taken":6354,"minecraft:damage_dealt":18355,"minecraft:player_kills":1,"minecraft:swim_one_cm":38025,"minecraft:fly_one_cm":531828,"minecraft:open_chest":104,"minecraft:crouch_one_cm":819,"minecraft:fall_one_cm":55350},"minecraft:picked_up":{"minecraft:coarse_dirt":9,"minecraft:iron_chestplate":1,"minecraft:crafting_table":7,"spore:mutated_heart":1,"minecraft:wheat":105,"minecraft:clay_ball":82,"iceandfire:copper_sword":3,"minecraft:ladder":1,"minecraft:anvil":2,"iceandfire:fire_lily":1,"minecraft:wooden_pickaxe":2,"jeg:scrap_workbench":1,"minecraft:brewing_stand":1,"minecraft:shield":1,"spore:innards":1,"minecraft:string":70,"minecraft:red_bed":1,"minecraft:moss_carpet":2,"minecraft:acacia_door":1,"minecraft:iron_leggings":1,"jeg:revolver":1,"minecraft:cracked_stone_bricks":12,"minecraft:diamond_leggings":1,"minecraft:cobbled_deepslate":1,"minecraft:azalea":1,"minecraft:poppy":2,"minecraft:melon_slice":187,"minecraft:chest":2,"minecraft:furnace":1,"minecraft:iron_boots":2,"minecraft:egg":1,"spore:tumor":3,"minecraft:stick":4,"minecraft:raw_iron":72,"minecraft:stone":6,"minecraft:big_dripleaf":3,"jeg:pistol_ammo":34,"minecraft:torch":22,"minecraft:acacia_log":36,"minecraft:diorite":8,"minecraft:redstone":9,"minecraft:diamond_chestplate":1,"minecraft:arrow":6,"minecraft:rotten_flesh":24,"minecraft:diamond_boots":1,"minecraft:hay_block":42,"minecraft:bookshelf":2,"minecraft:glow_berries":4,"minecraft:iron_bars":41,"minecraft:cobblestone":161,"minecraft:enchanting_table":1,"minecraft:leather":1,"minecraft:acacia_wood":3,"paraglider:spirit_orb":6,"minecraft:flint":2,"minecraft:cobblestone_wall":4,"jeg:scrap":51,"minecraft:magenta_bed":5,"minecraft:gunpowder":13,"minecraft:paper":1,"minecraft:lapis_lazuli":43,"minecraft:dirt":32,"jeg:grenade":10,"minecraft:orange_terracotta":5,"minecraft:bone":16,"minecraft:acacia_planks":3,"minecraft:stone_bricks":6,"minecraft:bow":1,"minecraft:gray_terracotta":2,"minecraft:wheat_seeds":306,"minecraft:raw_gold":1,"spore:mutated_fiber":13,"minecraft:mossy_stone_bricks":1,"minecraft:diamond_helmet":1,"minecraft:moss_block":4,"minecraft:acacia_sapling":3,"jeg:tech_trash":11,"minecraft:book":60,"iceandfire:copper_nugget":64,"spore:cerebrum":1,"spore:armor_fragment":10,"minecraft:dandelion":3,"minecraft:gravel":11,"minecraft:spider_eye":21,"spore:claw_fragment":13,"jeg:custom_smg":2,"minecraft:iron_helmet":1,"minecraft:bread":57,"minecraft:rooted_dirt":1,"minecraft:melon_seeds":13,"minecraft:coal":32},"minecraft:killed":{"hordes:zombie_player":4,"spore:braiomil":2,"minecraft:spider":81,"spore:leaper":3,"minecraft:horse":1,"minecraft:skeleton":13,"spore:griefer":1,"spore:spitter":2,"minecraft:cat":1,"spore:inf_player":1,"spore:stalker":1,"minecraft:zombie_villager":3,"spore:scamper":1,"minecraft:creeper":11,"spore:inf_villager":2,"minecraft:zombie":12,"spore:inf_human":2,"spore:howler":1,"spore:knight":1},"minecraft:killed_by":{"minecraft:player":1},"minecraft:used":{"minecraft:enchanting_table":1,"minecraft:iron_bars":41,"minecraft:ladder":1,"minecraft:chest":10,"minecraft:stone":4,"minecraft:rotten_flesh":2,"minecraft:iron_chestplate":7,"minecraft:torch":37,"minecraft:brewing_stand":1,"minecraft:dirt":20,"minecraft:anvil":2,"iceandfire:copper_sword":429,"jeg:custom_smg":759,"jeg:grenade":8,"minecraft:bookshelf":45,"minecraft:iron_helmet":6,"minecraft:iron_boots":7,"minecraft:stone_bricks":5,"minecraft:furnace":3,"minecraft:egg":1,"minecraft:acacia_planks":11,"minecraft:orange_terracotta":1,"minecraft:iron_leggings":7,"minecraft:wheat_seeds":144,"minecraft:mossy_stone_bricks":1,"minecraft:diorite":5,"minecraft:stone_pickaxe":263,"minecraft:wooden_pickaxe":93,"minecraft:cracked_stone_bricks":11,"minecraft:glow_berries":6,"iceandfire:copper_pile":7,"minecraft:oak_slab":5,"minecraft:crafting_table":8,"minecraft:red_bed":1,"minecraft:magenta_bed":4,"minecraft:blue_stained_glass_pane":15,"minecraft:gray_terracotta":2,"minecraft:bread":76,"minecraft:melon_slice":96,"minecraft:iron_pickaxe":57,"jeg:scrap_workbench":1,"minecraft:cobblestone":43,"minecraft:coarse_dirt":7},"minecraft:dropped":{"minecraft:bread":69,"minecraft:moss_block":4,"minecraft:wheat_seeds":160,"minecraft:diamond_leggings":1,"minecraft:book":12,"minecraft:rooted_dirt":1,"jeg:grenade":2,"minecraft:magenta_bed":1,"minecraft:dirt":1,"jeg:custom_smg":1,"minecraft:diorite":3,"minecraft:melon_slice":1,"spore:tumor":1,"minecraft:diamond_helmet":1,"minecraft:acacia_door":1,"minecraft:acacia_planks":6,"minecraft:dandelion":3,"minecraft:moss_carpet":2,"minecraft:coarse_dirt":2,"minecraft:cobbled_deepslate":1,"minecraft:cobblestone_wall":4,"minecraft:wheat":1,"minecraft:rotten_flesh":14,"minecraft:clay_ball":52,"iceandfire:fire_lily":1,"minecraft:big_dripleaf":1,"jeg:revolver":1,"minecraft:shield":1,"iceandfire:copper_sword":1,"minecraft:diamond_chestplate":1,"minecraft:orange_terracotta":4,"minecraft:melon_seeds":9,"minecraft:azalea":1,"minecraft:acacia_sapling":1,"minecraft:stone_bricks":1,"minecraft:diamond_boots":1,"minecraft:wooden_pickaxe":1,"minecraft:raw_gold":1,"spore:armor_fragment":1},"minecraft:mined":{"minecraft:attached_melon_stem":1,"spore:wall_growths_big":2,"minecraft:blue_stained_glass_pane":5,"iceandfire:copper_pile":7,"minecraft:brewing_stand":1,"minecraft:cave_vines_plant":2,"minecraft:acacia_log":36,"minecraft:grass_block":6,"spore:fungal_stem":2,"minecraft:moss_block":4,"spore:growths_small":4,"minecraft:rooted_dirt":1,"minecraft:spawner":3,"minecraft:light_blue_stained_glass":4,"minecraft:hay_block":42,"minecraft:iron_ore":44,"spore:blomfung":1,"minecraft:anvil":2,"minecraft:deepslate_lapis_ore":5,"spore:growth_mycelium":1,"minecraft:enchanting_table":1,"minecraft:bookshelf":18,"minecraft:deepslate_iron_ore":28,"minecraft:vine":12,"minecraft:iron_bars":41,"minecraft:stone":76,"minecraft:deepslate_redstone_ore":2,"minecraft:gray_terracotta":2,"minecraft:acacia_leaves":22,"jeg:scrap_ore":16,"minecraft:glass_pane":4,"minecraft:melon_stem":6,"minecraft:blue_stained_glass":5,"minecraft:clay":1,"spore:growths_big":4,"minecraft:crafting_table":6,"minecraft:torch":5,"minecraft:gray_stained_glass":4,"minecraft:melon":22,"minecraft:chest":2,"minecraft:white_stained_glass_pane":21,"iceandfire:fire_lily":1,"minecraft:tall_grass":1,"minecraft:cobblestone":22,"minecraft:lapis_ore":4,"minecraft:diorite":8,"minecraft:wall_torch":16,"minecraft:big_dripleaf":1,"minecraft:coarse_dirt":8,"minecraft:cobblestone_wall":2,"spore:bloomfung2":1,"minecraft:wheat":124,"minecraft:magenta_bed":3,"minecraft:grass":30,"minecraft:coal_ore":29,"minecraft:gravel":1,"minecraft:dirt":19,"minecraft:cobweb":5,"minecraft:cracked_stone_bricks":12,"minecraft:acacia_planks":3,"minecraft:stone_bricks":7,"minecraft:gold_ore":1,"minecraft:deepslate":1},"minecraft:broken":{"minecraft:wooden_pickaxe":1,"minecraft:stone_pickaxe":1,"minecraft:iron_helmet":1},"minecraft:crafted":{"minecraft:furnace":2,"minecraft:stone":3,"minecraft:lever":2,"minecraft:bookshelf":13,"minecraft:repeater":1,"minecraft:iron_boots":1,"minecraft:stone_pickaxe":2,"minecraft:chest":6,"minecraft:wheat":378,"minecraft:red_dye":2,"minecraft:crafting_table":2,"minecraft:wooden_pickaxe":1,"minecraft:iron_helmet":1,"minecraft:iron_sword":1,"iceandfire:copper_pile":32,"minecraft:bread":155,"minecraft:iron_chestplate":1,"minecraft:stick":16,"jeg:custom_smg":1,"minecraft:iron_ingot":72,"minecraft:iron_pickaxe":1,"minecraft:iron_leggings":1,"minecraft:redstone_torch":2,"minecraft:acacia_planks":156,"minecraft:torch":16}},"DataVersion":3465}