{"stats":{"minecraft:mined":{"minecraft:acacia_leaves":1,"minecraft:glass_pane":10,"minecraft:quartz_block":31,"minecraft:birch_log":1,"minecraft:sweet_berry_bush":4,"minecraft:birch_leaves":1,"minecraft:blue_stained_glass":12,"minecraft:gray_stained_glass_pane":2,"minecraft:crafting_table":1,"minecraft:smooth_stone_slab":35,"minecraft:light_gray_terracotta":24,"minecraft:grass":2,"minecraft:acacia_log":3,"minecraft:gray_stained_glass":3,"minecraft:white_stained_glass":2,"minecraft:glass":5,"minecraft:fern":1,"minecraft:light_blue_stained_glass":1},"minecraft:picked_up":{"minecraft:wooden_axe":2,"minecraft:birch_log":1,"minecraft:crafting_table":1,"minecraft:stick":9,"minecraft:sweet_berries":11,"minecraft:jungle_log":1,"minecraft:salmon":2,"minecraft:acacia_log":5,"minecraft:oak_log":3,"minecraft:gunpowder":4,"minecraft:dirt":9,"minecraft:smooth_stone_slab":17,"minecraft:pumpkin_seeds":2,"minecraft:quartz_block":11,"minecraft:light_gray_terracotta":11,"minecraft:bone":4,"minecraft:arrow":2,"minecraft:apple":2,"minecraft:beetroot_seeds":3,"minecraft:saddle":1,"minecraft:bread":2,"minecraft:acacia_sapling":1},"minecraft:killed":{"minecraft:skeleton":1,"minecraft:creeper":1},"minecraft:killed_by":{"minecraft:zombie":1},"minecraft:crafted":{"minecraft:wooden_sword":1,"minecraft:crafting_table":1,"minecraft:stick":8,"minecraft:wooden_pickaxe":1,"minecraft:acacia_planks":12,"minecraft:birch_planks":4},"minecraft:dropped":{"minecraft:wooden_axe":1},"minecraft:used":{"minecraft:wooden_axe":10,"minecraft:apple":2,"minecraft:bread":2,"minecraft:wooden_pickaxe":12,"minecraft:crafting_table":1,"minecraft:light_gray_terracotta":1,"minecraft:smooth_stone_slab":3},"minecraft:custom":{"minecraft:time_since_rest":342,"minecraft:sprint_one_cm":134303,"minecraft:damage_taken":4423,"minecraft:walk_one_cm":147349,"minecraft:mob_kills":2,"minecraft:drop":1,"minecraft:damage_dealt":739,"minecraft:interact_with_crafting_table":3,"minecraft:fly_one_cm":30788,"minecraft:open_chest":3,"minecraft:crouch_one_cm":636,"minecraft:play_time":34698,"minecraft:deaths":12,"minecraft:sneak_time":217,"minecraft:jump":203,"minecraft:damage_dealt_resisted":6,"minecraft:walk_on_water_one_cm":89,"minecraft:leave_game":2,"minecraft:time_since_death":309,"minecraft:total_world_time":34698,"minecraft:climb_one_cm":11234,"minecraft:fall_one_cm":20093}},"DataVersion":3465}