{"stats":{"minecraft:used":{"minecraft:chest":7,"minecraft:shield":22,"minecraft:iron_sword":512,"minecraft:rotten_flesh":32,"minecraft:nether_bricks":6,"minecraft:acacia_sapling":1,"jeg:grenade":175,"minecraft:iron_helmet":1,"minecraft:stone_bricks":1,"minecraft:magma_block":2,"minecraft:furnace":2,"jeg:revolver":152,"jeg:semi_auto_rifle":16,"minecraft:mossy_stone_bricks":42,"minecraft:leather_leggings":1,"minecraft:diamond_boots":4,"minecraft:wither_skeleton_skull":1,"minecraft:stone_pickaxe":169,"minecraft:oak_planks":3,"minecraft:wooden_pickaxe":18,"minecraft:leather_chestplate":1,"minecraft:diamond_axe":31,"minecraft:golden_apple":15,"minecraft:glow_berries":12,"minecraft:shears":4,"jeg:bolt_action_rifle":5,"minecraft:bread":40,"minecraft:brown_wool":1,"minecraft:diamond_sword":24,"jeg:molotov_cocktail":5,"minecraft:cobweb":9,"minecraft:netherite_sword":8,"iceandfire:silver_sword":135,"minecraft:iron_bars":12,"minecraft:enchanting_table":1,"jeg:holy_shotgun":123,"jeg:pump_shotgun":4,"themutantmobsmod:gigaillager_spawn_egg":1,"minecraft:cooked_chicken":7,"minecraft:orange_bed":1,"minecraft:torch":28,"minecraft:anvil":2,"minecraft:dirt":8,"minecraft:diamond_helmet":3,"paraglider:horned_statue":1,"minecraft:dark_oak_planks":7,"minecraft:iron_axe":4,"minecraft:totem_of_undying":1,"minecraft:diamond_chestplate":2,"minecraft:goat_horn":2,"minecraft:cooked_beef":14,"minecraft:acacia_planks":14,"minecraft:cooked_mutton":18,"minecraft:leather_boots":1,"minecraft:polished_blackstone_bricks":1,"minecraft:cracked_stone_bricks":4,"minecraft:mossy_cobblestone":42,"minecraft:crafting_table":7,"minecraft:red_bed":7,"minecraft:magenta_bed":1,"jeg:typhoonee":3,"minecraft:diamond_pickaxe":261,"minecraft:iron_pickaxe":132,"jeg:scrap_workbench":2,"minecraft:stone_axe":10,"minecraft:cobblestone":28,"minecraft:potion":1,"minecraft:cooked_porkchop":14,"jeg:blossom_rifle":498,"minecraft:diamond_leggings":4},"minecraft:killed":{"minecraft:spider":9,"minecraft:cod":1,"minecraft:pufferfish":3,"minecraft:skeleton":22,"graveyard:acolyte":3,"minecraft:chicken":7,"themutantmobsmod:gigaillager_v_2":1,"minecraft:tropical_fish":1,"minecraft:pig":10,"minecraft:zombie_villager":6,"minecraft:creeper":5,"minecraft:sheep":17,"minecraft:zombie":38,"minecraft:cow":10,"minecraft:evoker":1,"hordes:zombie_player":14,"minecraft:vindicator":3,"cataclysm:lionfish":1,"cataclysm:deepling_angler":1,"minecraft:squid":1,"iceandfire:ghost":2},"minecraft:broken":{"minecraft:diamond_helmet":1,"minecraft:stone_pickaxe":1,"minecraft:iron_sword":1},"minecraft:mined":{"minecraft:dark_oak_planks":5,"iceandfire:graveyard_soil":2,"minecraft:jungle_leaves":2,"minecraft:red_nether_bricks":1,"minecraft:potted_cactus":1,"minecraft:brewing_stand":1,"minecraft:granite":7,"minecraft:acacia_log":8,"minecraft:grass_block":3,"minecraft:jungle_log":18,"minecraft:chiseled_stone_bricks":1,"minecraft:spawner":48,"minecraft:light_blue_stained_glass":2,"minecraft:polished_blackstone_bricks":1,"minecraft:magma_block":2,"minecraft:iron_ore":40,"minecraft:anvil":2,"minecraft:nether_brick_stairs":4,"minecraft:enchanting_table":1,"minecraft:dirt_path":3,"minecraft:iron_bars":27,"minecraft:orange_bed":1,"minecraft:quartz_block":6,"minecraft:red_bed":6,"minecraft:clay":5,"minecraft:chest":4,"minecraft:white_stained_glass_pane":2,"minecraft:dead_bush":1,"minecraft:cobblestone":2,"minecraft:oak_planks":4,"minecraft:iron_door":2,"minecraft:wall_torch":2,"paraglider:horned_statue":1,"minecraft:stone_brick_stairs":2,"minecraft:grass":14,"minecraft:dirt":16,"minecraft:wither_skeleton_skull":1,"minecraft:netherrack":1,"minecraft:oak_leaves":2,"minecraft:deepslate":3,"minecraft:red_carpet":1,"minecraft:blue_stained_glass_pane":4,"iceandfire:silver_ore":1,"minecraft:mossy_cobblestone":1,"minecraft:dark_oak_leaves":1,"minecraft:gray_stained_glass_pane":2,"minecraft:nether_bricks":14,"minecraft:white_stained_glass":2,"minecraft:redstone_wire":2,"minecraft:moss_block":5,"minecraft:sandstone":10,"minecraft:furnace":2,"minecraft:mossy_stone_brick_stairs":2,"minecraft:deepslate_iron_ore":29,"minecraft:vine":17,"minecraft:stone":146,"minecraft:acacia_leaves":5,"minecraft:flowering_azalea":1,"minecraft:redstone_block":23,"jeg:scrap_ore":30,"minecraft:glass_pane":20,"minecraft:red_wool":3,"minecraft:crafting_table":6,"minecraft:gray_stained_glass":2,"minecraft:tall_grass":15,"minecraft:copper_ore":18,"jeg:deepslate_scrap_ore":11,"jeg:scrap_workbench":1,"minecraft:cobblestone_wall":5,"minecraft:coal_ore":26,"minecraft:cobweb":29,"minecraft:cracked_stone_bricks":5,"minecraft:terracotta":1,"minecraft:acacia_planks":14,"minecraft:stone_bricks":23,"minecraft:mossy_stone_bricks":15,"minecraft:gold_ore":1,"minecraft:fern":3},"minecraft:killed_by":{"minecraft:zombie_villager":1,"minecraft:vindicator":1,"minecraft:zombie":3,"minecraft:vex":5,"minecraft:player":1},"minecraft:crafted":{"minecraft:stone":3,"minecraft:cracked_stone_bricks":4,"minecraft:cooked_mutton":2,"minecraft:iron_boots":2,"explorerscompass:explorerscompass":1,"minecraft:chest":5,"sophisticatedbackpacks:backpack":1,"minecraft:cauldron":1,"minecraft:cooked_porkchop":5,"minecraft:diamond_axe":1,"minecraft:crafting_table":4,"minecraft:wooden_pickaxe":2,"minecraft:iron_helmet":1,"minecraft:copper_ingot":27,"minecraft:iron_chestplate":1,"minecraft:shield":2,"minecraft:stick":16,"minecraft:iron_pickaxe":1,"minecraft:iron_ingot":63,"minecraft:compass":1,"minecraft:shears":1,"minecraft:redstone":135,"jeg:scrap_workbench":1,"minecraft:stone_pickaxe":2,"minecraft:dark_oak_planks":28,"minecraft:cooked_beef":3,"minecraft:iron_sword":1,"minecraft:red_bed":1,"minecraft:stone_axe":1,"minecraft:bread":1,"minecraft:air":0,"jeg:scrap_block":1,"minecraft:iron_leggings":1,"minecraft:stonecutter":1,"minecraft:acacia_planks":32},"minecraft:custom":{"minecraft:interact_with_crafting_table":62,"minecraft:open_barrel":15,"minecraft:leave_game":10,"minecraft:time_since_death":771,"minecraft:sprint_one_cm":773011,"minecraft:damage_blocked_by_shield":1030,"minecraft:drop":47,"minecraft:play_time":404016,"minecraft:deaths":44,"minecraft:jump":5467,"minecraft:walk_on_water_one_cm":65898,"minecraft:interact_with_furnace":71,"minecraft:sleep_in_bed":20,"minecraft:damage_dealt":26538,"minecraft:player_kills":2,"minecraft:crouch_one_cm":5487,"minecraft:mob_kills":326,"minecraft:interact_with_anvil":6,"minecraft:damage_dealt_resisted":4,"minecraft:climb_one_cm":72887,"minecraft:walk_one_cm":1884305,"minecraft:damage_dealt_absorbed":120,"minecraft:sneak_time":6808,"minecraft:walk_under_water_one_cm":37699,"minecraft:total_world_time":404016,"minecraft:time_since_rest":797,"minecraft:damage_taken":15252,"minecraft:damage_absorbed":213,"minecraft:trigger_trapped_chest":2,"minecraft:swim_one_cm":130328,"minecraft:fly_one_cm":1759933,"minecraft:open_chest":304,"minecraft:fall_one_cm":121581},"minecraft:picked_up":{"minecraft:iron_chestplate":3,"minecraft:wheat":3,"minecraft:redstone_block":23,"minecraft:chainmail_boots":1,"iceandfire:copper_sword":1,"minecraft:flower_pot":1,"minecraft:anvil":2,"minecraft:lead":13,"minecraft:diamond_sword":2,"minecraft:potion":1,"minecraft:enchanted_book":3,"minecraft:brewing_stand":1,"iceandfire:manuscript":18,"minecraft:string":86,"minecraft:raw_copper":95,"minecraft:red_nether_bricks":1,"minecraft:experience_bottle":17,"jeg:revolver":4,"minecraft:diamond_leggings":15,"minecraft:gold_nugget":5,"minecraft:cobbled_deepslate":4,"minecraft:cobblestone_slab":24,"minecraft:azalea":3,"minecraft:iron_pickaxe":2,"minecraft:enchanted_golden_apple":1,"minecraft:furnace":2,"minecraft:iron_boots":3,"minecraft:stick":28,"explorerscompass:explorerscompass":2,"jeg:pistol_ammo":77,"minecraft:big_dripleaf":7,"minecraft:torch":42,"minecraft:acacia_log":8,"minecraft:porkchop":8,"minecraft:goat_horn":3,"minecraft:orange_bed":1,"minecraft:quartz_block":4,"minecraft:cactus":1,"minecraft:rotten_flesh":145,"minecraft:iron_bars":26,"minecraft:cobblestone":157,"minecraft:enchanting_table":1,"minecraft:cooked_beef":21,"minecraft:magma_block":2,"minecraft:leather_chestplate":3,"minecraft:feather":38,"minecraft:iron_door":12,"minecraft:jungle_log":18,"minecraft:brown_wool":4,"minecraft:potato":3,"paraglider:spirit_orb":134,"jeg:scrap":84,"minecraft:magenta_bed":1,"minecraft:wither_skeleton_skull":8,"minecraft:dirt":131,"minecraft:leather_boots":1,"minecraft:bone":78,"minecraft:acacia_planks":44,"minecraft:bow":3,"minecraft:wheat_seeds":12,"minecraft:mossy_stone_bricks":18,"minecraft:diamond_helmet":14,"minecraft:moss_block":6,"minecraft:oak_planks":15,"minecraft:mossy_stone_brick_stairs":2,"minecraft:cooked_porkchop":11,"minecraft:nether_brick_stairs":2,"minecraft:fermented_spider_eye":3,"minecraft:mossy_cobblestone":1,"minecraft:polished_andesite":6,"jeg:custom_smg":1,"minecraft:granite":17,"minecraft:grass":2,"minecraft:golden_apple":28,"minecraft:bread":218,"minecraft:emerald":14,"minecraft:netherrack":1,"iceandfire:raw_silver":3,"minecraft:diamond_pickaxe":11,"sophisticatedbackpacks:gold_backpack":14,"minecraft:cocoa_beans":9,"minecraft:crafting_table":18,"minecraft:coarse_dirt":2,"minecraft:clay_ball":84,"minecraft:leather_leggings":1,"minecraft:brown_mushroom":6,"minecraft:wooden_pickaxe":4,"jeg:scrap_workbench":1,"minecraft:brick":7,"minecraft:shield":17,"minecraft:red_bed":10,"minecraft:moss_carpet":1,"minecraft:iron_axe":6,"minecraft:white_carpet":11,"minecraft:compass":1,"minecraft:cracked_stone_bricks":5,"iceandfire:graveyard_soil":1,"graveyard:corruption":24,"minecraft:beef":12,"minecraft:chest":4,"minecraft:egg":2,"minecraft:raw_iron":69,"minecraft:sandstone":10,"sophisticatedbackpacks:backpack":1,"minecraft:polished_blackstone_bricks":1,"minecraft:carrot":11,"minecraft:redstone":9,"minecraft:dark_oak_planks":53,"minecraft:diamond_chestplate":16,"iceandfire:silver_ingot":1,"minecraft:arrow":85,"minecraft:nether_bricks":44,"minecraft:shears":2,"minecraft:diamond_boots":22,"minecraft:totem_of_undying":6,"paraglider:horned_statue":1,"minecraft:glow_berries":9,"minecraft:mutton":11,"minecraft:white_wool":74,"minecraft:skeleton_skull":1,"minecraft:rail":2,"minecraft:tripwire_hook":3,"minecraft:leather":34,"minecraft:birch_planks":6,"minecraft:gunpowder":27,"minecraft:cobblestone_wall":16,"minecraft:paper":4,"jeg:grenade":2,"minecraft:cooked_mutton":48,"minecraft:red_carpet":101,"minecraft:apple":3,"minecraft:stone_bricks":93,"minecraft:iron_ingot":16,"minecraft:stone_pickaxe":2,"minecraft:cooked_chicken":19,"minecraft:cobweb":13,"jeg:tech_trash":21,"minecraft:acacia_sapling":1,"minecraft:flowering_azalea":2,"minecraft:iron_sword":21,"minecraft:chiseled_stone_bricks":2,"minecraft:red_wool":3,"minecraft:gravel":1,"minecraft:spider_eye":19,"minecraft:diamond_shovel":1,"minecraft:stone_axe":5,"iceandfire:silver_sword":3,"minecraft:iron_helmet":3,"minecraft:terracotta":1,"minecraft:melon_seeds":5,"minecraft:coal":69},"minecraft:dropped":{"minecraft:nether_brick_stairs":1,"minecraft:iron_sword":11,"minecraft:moss_block":4,"minecraft:dirt":2,"minecraft:grass":2,"minecraft:dark_oak_planks":15,"minecraft:white_wool":1,"minecraft:gravel":1,"minecraft:rotten_flesh":1,"minecraft:cooked_mutton":1,"minecraft:melon_seeds":1,"minecraft:azalea":3,"minecraft:iron_bars":4,"minecraft:netherrack":1,"minecraft:wheat_seeds":4,"minecraft:cobblestone":5,"minecraft:granite":1,"minecraft:golden_apple":1,"minecraft:stick":10,"jeg:custom_smg":1,"iceandfire:silver_sword":2,"minecraft:iron_door":1,"minecraft:flowering_azalea":2,"minecraft:moss_carpet":1,"minecraft:coarse_dirt":2,"minecraft:iron_boots":1,"minecraft:big_dripleaf":6,"iceandfire:copper_sword":2,"jeg:pump_shotgun":1,"minecraft:wooden_pickaxe":1,"jeg:pistol_ammo":21}},"DataVersion":3465}