{"stats":{"minecraft:killed":{"minecraft:skeleton":2,"minecraft:magma_cube":1,"minecraft:piglin":5,"minecraft:hoglin":2,"minecraft:ghast":1,"minecraft:blaze":22,"minecraft:enderman":21},"minecraft:custom":{"minecraft:mob_kills":55,"minecraft:interact_with_crafting_table":19,"minecraft:damage_dealt_resisted":47,"minecraft:leave_game":1,"minecraft:time_since_death":3479,"minecraft:climb_one_cm":2054,"minecraft:sprint_one_cm":333925,"minecraft:walk_one_cm":650472,"minecraft:drop":46,"minecraft:play_time":175065,"minecraft:deaths":52,"minecraft:sneak_time":3696,"minecraft:jump":3083,"minecraft:walk_on_water_one_cm":600,"minecraft:total_world_time":175065,"minecraft:time_since_rest":3218,"minecraft:damage_taken":16342,"minecraft:damage_absorbed":57,"minecraft:damage_dealt":13283,"tombstone:cast_on_ally":0,"minecraft:fly_one_cm":359829,"minecraft:open_chest":31,"minecraft:crouch_one_cm":16843,"tombstone:undead_killed":2,"minecraft:fall_one_cm":80120},"minecraft:picked_up":{"minecraft:crafting_table":14,"minecraft:leather_leggings":1,"minecraft:potion":1,"minecraft:gilded_blackstone":1,"minecraft:nether_brick":9,"minecraft:chain":4,"minecraft:golden_sword":1,"minecraft:wooden_sword":1,"minecraft:shroomlight":1,"minecraft:blackstone":45,"minecraft:diamond_leggings":1,"minecraft:gold_nugget":109,"minecraft:cobbled_deepslate":3,"sophisticatedbackpacks:backpack":1,"minecraft:fire_charge":1,"minecraft:porkchop":7,"minecraft:polished_blackstone_bricks":77,"tombstone:grave_dust":2,"minecraft:warped_planks":1,"minecraft:nether_gold_ore":5,"minecraft:arrow":1,"minecraft:nether_bricks":1,"minecraft:polished_basalt":2,"minecraft:gold_ingot":5,"minecraft:blaze_rod":10,"minecraft:magma_block":2,"minecraft:basalt":2,"minecraft:leather":14,"minecraft:crimson_fungus":1,"minecraft:twisting_vines":1,"minecraft:leather_boots":1,"minecraft:bone":2,"minecraft:warped_stem":13,"minecraft:iron_sword":1,"minecraft:soul_sand":2,"minecraft:ghast_tear":1,"minecraft:warped_fungus":1,"minecraft:cooked_porkchop":8,"minecraft:warped_wart_block":8,"minecraft:quartz":1,"minecraft:crying_obsidian":7,"minecraft:cracked_polished_blackstone_bricks":48,"minecraft:warped_roots":29,"minecraft:netherrack":531,"minecraft:warped_nylium":9,"minecraft:crimson_nylium":3,"minecraft:crimson_roots":2,"minecraft:ender_pearl":11},"minecraft:killed_by":{"minecraft:ghast":2,"minecraft:player":7,"minecraft:wither_skeleton":2,"minecraft:piglin_brute":6,"minecraft:pillager":1,"minecraft:enderman":4,"minecraft:magma_cube":2,"minecraft:piglin":9,"minecraft:hoglin":2,"minecraft:skeleton":1,"minecraft:blaze":5,"minecraft:witch":1},"minecraft:used":{"minecraft:flint_and_steel":3,"minecraft:iron_sword":210,"minecraft:netherrack":474,"tombstone:scroll_of_preservation":3,"minecraft:warped_wart_block":2,"minecraft:obsidian":17,"minecraft:wooden_axe":23,"minecraft:crimson_roots":1,"minecraft:magma_block":2,"minecraft:blackstone":43,"minecraft:wooden_pickaxe":338,"minecraft:polished_blackstone_bricks":26,"tombstone:scroll_of_feather_fall":1,"minecraft:crafting_table":14,"minecraft:crossbow":18,"minecraft:diamond_pickaxe":151,"minecraft:cracked_polished_blackstone_bricks":16,"minecraft:iron_pickaxe":249,"tombstone:magic_scroll":1,"tombstone:grave_key":18,"minecraft:diamond_sword":53,"minecraft:wooden_sword":10,"minecraft:cooked_porkchop":10,"minecraft:golden_pickaxe":32},"minecraft:broken":{"minecraft:golden_helmet":1,"minecraft:golden_boots":1,"minecraft:wooden_pickaxe":5,"minecraft:golden_leggings":2,"minecraft:iron_pickaxe":1,"minecraft:iron_helmet":1,"minecraft:golden_pickaxe":1,"minecraft:golden_chestplate":1},"minecraft:dropped":{"minecraft:warped_fungus":1,"minecraft:warped_roots":11,"minecraft:golden_apple":1,"minecraft:stick":3,"minecraft:crimson_roots":1,"minecraft:chain":8,"minecraft:wooden_sword":2,"minecraft:polished_blackstone_bricks":1,"minecraft:polished_basalt":2,"minecraft:gold_ingot":19,"minecraft:blackstone":1,"minecraft:warped_nylium":1,"minecraft:obsidian":1,"tombstone:gift":1,"minecraft:nether_bricks":1,"minecraft:flint_and_steel":1,"minecraft:shroomlight":1,"minecraft:piglin_banner_pattern":1,"minecraft:golden_sword":1,"minecraft:leather_leggings":1,"minecraft:basalt":1,"minecraft:crying_obsidian":9,"minecraft:netherrack":64},"minecraft:mined":{"minecraft:nether_gold_ore":34,"minecraft:nether_bricks":3,"minecraft:crimson_roots":2,"minecraft:cracked_polished_blackstone_bricks":49,"minecraft:crimson_fungus":1,"minecraft:gilded_blackstone":1,"minecraft:polished_blackstone_bricks":76,"minecraft:magma_block":2,"minecraft:polished_basalt":1,"minecraft:nether_sprouts":2,"minecraft:fire":16,"minecraft:shroomlight":1,"minecraft:warped_stem":14,"minecraft:blackstone":45,"minecraft:twisting_vines_plant":1,"minecraft:crimson_nylium":5,"minecraft:soul_fire":2,"minecraft:basalt":3,"minecraft:crafting_table":14,"minecraft:warped_roots":13,"minecraft:nether_quartz_ore":1,"minecraft:tall_grass":3,"minecraft:polished_blackstone_brick_stairs":1,"minecraft:warped_wart_block":8,"minecraft:warped_nylium":76,"minecraft:warped_planks":1,"minecraft:warped_fungus":1,"minecraft:grass":2,"minecraft:netherrack":451,"minecraft:deepslate":1},"minecraft:crafted":{"minecraft:wooden_sword":1,"minecraft:blaze_powder":20,"minecraft:warped_planks":52,"minecraft:iron_boots":1,"minecraft:golden_helmet":1,"minecraft:diamond_sword":1,"minecraft:crafting_table":1,"minecraft:wooden_pickaxe":6,"minecraft:iron_helmet":1,"minecraft:iron_sword":1,"minecraft:golden_pickaxe":1,"minecraft:iron_chestplate":1,"minecraft:golden_leggings":1,"minecraft:stick":32,"minecraft:iron_ingot":18,"minecraft:iron_pickaxe":1,"minecraft:wooden_axe":1,"minecraft:gold_ingot":22}},"DataVersion":3465}