{"stats":{"minecraft:dropped":{"minecraft:nether_brick_stairs":6,"minecraft:iron_sword":9,"minecraft:lapis_lazuli":10,"minecraft:cooked_beef":40,"minecraft:oak_log":17,"minecraft:glass_bottle":1,"minecraft:cooked_porkchop":26,"minecraft:leather":2,"minecraft:mossy_stone_brick_stairs":1,"minecraft:cracked_stone_bricks":54,"jeg:scrap":8,"paraglider:spirit_orb":47,"minecraft:flint":7,"minecraft:dirt":4,"minecraft:gold_nugget":1,"minecraft:sand":10,"minecraft:fishing_rod":4,"minecraft:white_wool":5,"jeg:tech_trash":4,"minecraft:gold_ingot":18,"minecraft:bone":4,"minecraft:stone_axe":1,"minecraft:blackstone":1,"minecraft:iron_nugget":16,"minecraft:cooked_chicken":2,"minecraft:cobbled_deepslate":64,"minecraft:wheat":4,"minecraft:obsidian":6,"minecraft:rotten_flesh":92,"minecraft:oak_planks":217,"minecraft:white_candle":4,"minecraft:diamond_shovel":1,"minecraft:cooked_mutton":12,"minecraft:white_bed":1,"minecraft:salmon":1,"minecraft:carrot":2,"minecraft:chainmail_chestplate":5,"minecraft:chiseled_stone_bricks":1,"minecraft:poppy":2,"minecraft:tipped_arrow":2,"minecraft:melon_seeds":6,"minecraft:leather_boots":2,"minecraft:chest":3,"minecraft:chainmail_boots":1,"minecraft:leather_leggings":3,"minecraft:basalt":8,"minecraft:iron_bars":9,"jeg:handmade_shell":4,"minecraft:netherrack":4,"minecraft:enchanted_book":4,"minecraft:golden_boots":2,"minecraft:iron_ingot":43,"minecraft:wheat_seeds":12,"minecraft:golden_helmet":4,"minecraft:tnt":7,"minecraft:mossy_cobblestone":4,"minecraft:diamond_leggings":1,"minecraft:lead":1,"minecraft:cobblestone":103,"minecraft:chainmail_helmet":2,"minecraft:coal":63,"minecraft:golden_apple":23,"minecraft:stick":6,"minecraft:mossy_cobblestone_slab":1,"minecraft:leather_horse_armor":1,"minecraft:torch":194,"minecraft:potion":2,"minecraft:oak_stairs":2,"jeg:waterpipe_shotgun":3,"minecraft:mossy_cobblestone_stairs":1,"minecraft:iron_shovel":3,"minecraft:string":33,"minecraft:pink_petals":1,"minecraft:bricks":1,"minecraft:stone_sword":3,"minecraft:iron_boots":2,"sophisticatedbackpacks:backpack":1,"minecraft:diamond_ore":1,"minecraft:nether_bricks":5,"minecraft:flint_and_steel":1,"minecraft:shield":4,"minecraft:allium":2,"minecraft:bow":1,"minecraft:stone_pickaxe":2,"minecraft:magma_block":5},"minecraft:killed_by":{"minecraft:zombie_villager":1,"minecraft:zombie":7,"minecraft:player":14,"minecraft:skeleton":1},"minecraft:picked_up":{"minecraft:iron_chestplate":18,"minecraft:wheat":12,"minecraft:redstone_block":6,"minecraft:chainmail_boots":1,"minecraft:nether_brick_fence":2,"minecraft:lead":4,"minecraft:diamond_sword":5,"minecraft:oak_stairs":5,"minecraft:potion":17,"minecraft:enchanted_book":21,"minecraft:stone_brick_stairs":3,"iceandfire:manuscript":36,"minecraft:string":225,"minecraft:raw_copper":120,"minecraft:cooked_salmon":3,"minecraft:iron_leggings":19,"minecraft:armor_stand":4,"minecraft:diamond_leggings":2,"minecraft:cobbled_deepslate":64,"minecraft:gold_nugget":102,"minecraft:iron_pickaxe":3,"minecraft:furnace":1,"minecraft:iron_boots":24,"minecraft:diamond_ore":2,"minecraft:tipped_arrow":11,"minecraft:golden_helmet":14,"minecraft:stick":92,"minecraft:torch":492,"minecraft:porkchop":17,"minecraft:cherry_log":2,"minecraft:green_terracotta":14,"minecraft:cauldron":3,"minecraft:quartz_block":14,"minecraft:stone_sword":6,"minecraft:rotten_flesh":361,"minecraft:leather_horse_armor":3,"minecraft:iron_bars":45,"minecraft:cod":19,"minecraft:cobblestone":266,"minecraft:pink_petals":1,"minecraft:magma_block":5,"minecraft:mossy_cobblestone_slab":1,"minecraft:leather_chestplate":8,"minecraft:feather":3,"minecraft:cooked_beef":40,"minecraft:cherry_planks":28,"minecraft:potato":1,"paraglider:spirit_orb":268,"minecraft:flint":14,"jeg:scrap":153,"minecraft:lapis_lazuli":171,"minecraft:dirt":101,"minecraft:polished_granite":7,"minecraft:leather_boots":8,"iceandfire:ice_dragon_blood":3,"minecraft:bone":276,"minecraft:bow":20,"minecraft:wheat_seeds":34,"minecraft:mossy_stone_bricks":272,"minecraft:diamond_helmet":3,"minecraft:oak_planks":1468,"minecraft:mossy_stone_brick_stairs":4,"minecraft:cooked_porkchop":24,"minecraft:music_disc_13":2,"minecraft:sand":59,"minecraft:nether_brick_stairs":10,"minecraft:diamond_block":2,"minecraft:mossy_cobblestone":17,"minecraft:white_candle":2,"minecraft:diamond":15,"minecraft:golden_apple":36,"minecraft:emerald":32,"minecraft:chainmail_helmet":21,"minecraft:netherrack":48,"minecraft:bricks":10,"minecraft:diamond_pickaxe":1,"minecraft:fishing_rod":8,"minecraft:allium":3,"sophisticatedbackpacks:gold_backpack":9,"minecraft:crafting_table":10,"iceandfire:witherbone":2,"minecraft:chicken":4,"minecraft:leather_leggings":7,"minecraft:brown_mushroom":11,"minecraft:shield":29,"minecraft:wooden_sword":8,"minecraft:flint_and_steel":3,"minecraft:compass":1,"minecraft:iron_shovel":19,"minecraft:blackstone":13,"minecraft:cracked_stone_bricks":252,"minecraft:beef":6,"iceandfire:dread_shard":14,"minecraft:poppy":2,"minecraft:iron_nugget":103,"minecraft:light_gray_wool":2,"minecraft:sugar_cane":12,"minecraft:chest":18,"minecraft:phantom_membrane":1,"minecraft:egg":7,"minecraft:raw_iron":36,"iceandfire:dragonbone":4,"minecraft:polished_deepslate_slab":1,"minecraft:copper_ingot":15,"minecraft:bowl":54,"minecraft:music_disc_mellohi":13,"sophisticatedbackpacks:backpack":6,"minecraft:carrot":5,"minecraft:tnt":42,"minecraft:polished_granite_stairs":4,"iceandfire:silver_ingot":4,"minecraft:arrow":804,"minecraft:cooked_cod":6,"minecraft:nether_bricks":75,"jeg:waterpipe_shotgun":11,"minecraft:gold_ingot":92,"minecraft:brick_stairs":7,"minecraft:mutton":8,"jeg:raw_brimstone":40,"minecraft:white_wool":13,"minecraft:clock":11,"minecraft:basalt":12,"minecraft:salmon":4,"minecraft:leather":12,"minecraft:red_mushroom":3,"minecraft:filled_map":4,"minecraft:granite_stairs":2,"minecraft:oak_log":48,"minecraft:chainmail_chestplate":13,"minecraft:golden_boots":7,"minecraft:gunpowder":75,"minecraft:paper":32,"jeg:grenade":15,"minecraft:cooked_mutton":12,"minecraft:apple":1,"minecraft:stone_bricks":11,"minecraft:heart_of_the_sea":1,"minecraft:iron_ingot":215,"minecraft:stone_pickaxe":28,"minecraft:cooked_chicken":2,"minecraft:cobweb":11,"minecraft:glass_bottle":14,"minecraft:iron_sword":37,"jeg:tech_trash":10,"minecraft:book":48,"minecraft:sweet_berries":72,"minecraft:chiseled_stone_bricks":5,"minecraft:gravel":4,"minecraft:lava_bucket":1,"minecraft:white_bed":14,"minecraft:spider_eye":14,"minecraft:leather_helmet":3,"jeg:handmade_shell":37,"iceandfire:dragon_flute":1,"minecraft:diamond_shovel":12,"minecraft:slime_ball":32,"minecraft:stone_axe":19,"minecraft:chainmail_leggings":5,"minecraft:iron_helmet":4,"minecraft:mossy_cobblestone_stairs":5,"minecraft:gray_wool":1,"minecraft:coal":154,"minecraft:ender_pearl":31},"minecraft:crafted":{"minecraft:oak_planks":124,"minecraft:cooked_mutton":10,"minecraft:iron_boots":1,"minecraft:chest":8,"sophisticatedbackpacks:backpack":1,"minecraft:cooked_porkchop":14,"minecraft:crafting_table":6,"minecraft:iron_helmet":1,"minecraft:wooden_pickaxe":1,"minecraft:baked_potato":2,"minecraft:copper_ingot":6,"minecraft:stick":40,"minecraft:iron_pickaxe":1,"minecraft:iron_ingot":14,"minecraft:stone_sword":3,"minecraft:gold_ingot":2,"minecraft:cherry_planks":8,"minecraft:wooden_sword":1,"minecraft:fishing_rod":2,"minecraft:mushroom_stew":2,"jeg:scrap_workbench":1,"minecraft:stone_pickaxe":2,"sophisticatedbackpacks:iron_backpack":1,"minecraft:cooked_beef":6,"minecraft:cooked_cod":4,"minecraft:diamond_sword":1,"minecraft:iron_sword":1,"sophisticatedbackpacks:gold_backpack":1,"minecraft:air":0,"jeg:scrap_block":1,"minecraft:oak_boat":1,"minecraft:white_wool":1,"minecraft:gold_nugget":9,"minecraft:iron_leggings":1,"minecraft:white_bed":3,"minecraft:torch":44},"minecraft:custom":{"minecraft:interact_with_crafting_table":52,"minecraft:open_barrel":5,"minecraft:eat_cake_slice":1,"minecraft:leave_game":13,"minecraft:time_since_death":44337,"minecraft:sprint_one_cm":747386,"minecraft:drop":189,"minecraft:play_time":349590,"minecraft:deaths":35,"minecraft:jump":3158,"minecraft:walk_on_water_one_cm":58388,"minecraft:interact_with_furnace":44,"minecraft:sleep_in_bed":6,"minecraft:damage_dealt":40491,"minecraft:player_kills":16,"minecraft:crouch_one_cm":9836,"minecraft:mob_kills":178,"minecraft:damage_dealt_resisted":56,"minecraft:climb_one_cm":9829,"minecraft:walk_one_cm":1134023,"minecraft:damage_dealt_absorbed":80,"minecraft:sneak_time":8003,"minecraft:walk_under_water_one_cm":23667,"minecraft:boat_one_cm":45002,"minecraft:total_world_time":349590,"minecraft:time_since_rest":44363,"minecraft:damage_taken":15980,"minecraft:damage_absorbed":157,"minecraft:swim_one_cm":48837,"minecraft:fly_one_cm":1182563,"minecraft:open_chest":347,"minecraft:fish_caught":5,"minecraft:fall_one_cm":69345},"minecraft:used":{"minecraft:polished_granite_stairs":4,"minecraft:chest":7,"minecraft:stone":48,"minecraft:iron_sword":151,"minecraft:rotten_flesh":33,"minecraft:nether_bricks":70,"minecraft:carrot":1,"minecraft:obsidian":17,"jeg:grenade":2,"minecraft:bricks":64,"minecraft:lantern":1,"minecraft:grass_block":117,"minecraft:stone_brick_stairs":1,"minecraft:stone_bricks":1,"minecraft:bedrock":5,"minecraft:magma_block":2,"minecraft:bow":92,"minecraft:furnace":1,"minecraft:cooked_cod":4,"minecraft:mossy_stone_bricks":45,"minecraft:oak_planks":88,"minecraft:stone_pickaxe":212,"minecraft:blackstone":13,"minecraft:wooden_pickaxe":8,"minecraft:golden_apple":6,"minecraft:sand":50,"minecraft:mushroom_stew":2,"botanypots:terracotta_botany_pot":1,"minecraft:polished_granite":14,"minecraft:diamond_ore":2,"minecraft:diamond_sword":59,"minecraft:fire_charge":1,"minecraft:wooden_sword":32,"minecraft:oak_boat":1,"jeg:waterpipe_shotgun":10,"minecraft:cobweb":10,"minecraft:experience_bottle":1,"minecraft:netherite_sword":32,"minecraft:iron_bars":2,"minecraft:stone_sword":248,"minecraft:granite_stairs":10,"minecraft:flint_and_steel":4,"minecraft:netherrack":36,"minecraft:torch":51,"minecraft:dirt":2,"minecraft:brick_stairs":6,"minecraft:basalt":2,"minecraft:cooked_beef":9,"minecraft:cooked_mutton":10,"botanypots:terracotta_hopper_botany_pot":1,"minecraft:baked_potato":8,"minecraft:cracked_stone_bricks":49,"minecraft:mossy_cobblestone":4,"minecraft:polished_deepslate_slab":1,"minecraft:crafting_table":10,"minecraft:white_bed":10,"minecraft:diamond_pickaxe":80,"minecraft:diamond_shovel":1,"minecraft:iron_pickaxe":14,"jeg:scrap_workbench":1,"minecraft:stone_axe":104,"minecraft:fishing_rod":6,"minecraft:cobblestone":67,"minecraft:potion":4,"minecraft:cooked_porkchop":12,"avaritia:infinity_sword":7},"minecraft:broken":{"minecraft:leather_leggings":2,"minecraft:iron_boots":1,"minecraft:iron_chestplate":1,"minecraft:iron_leggings":1,"minecraft:iron_sword":2,"minecraft:leather_helmet":1,"minecraft:chainmail_leggings":1,"minecraft:stone_sword":2,"minecraft:leather_chestplate":1},"minecraft:killed":{"minecraft:cave_spider":1,"minecraft:spider":15,"minecraft:skeleton":44,"minecraft:chicken":3,"minecraft:magma_cube":2,"minecraft:pig":4,"minecraft:zombie_villager":8,"minecraft:creeper":12,"hordes:drowned_player":1,"minecraft:sheep":6,"minecraft:zombie":27,"minecraft:stray":6,"minecraft:ghast":2,"iceandfire:dread_ghoul":1,"minecraft:cow":3,"hordes:zombie_player":24,"minecraft:slime":1,"iceandfire:dread_thrall":1,"minecraft:drowned":7,"minecraft:bat":1,"minecraft:wither_skeleton":1},"minecraft:mined":{"minecraft:white_bed":7,"minecraft:cherry_log":2,"minecraft:grass_block":2,"iceandfire:dread_spawner":1,"minecraft:spawner":39,"minecraft:magma_block":5,"minecraft:mossy_cobblestone_slab":1,"minecraft:mossy_cobblestone_stairs":1,"minecraft:iron_ore":6,"minecraft:fire":3,"minecraft:polished_deepslate_slab":1,"minecraft:iron_bars":4,"minecraft:quartz_block":4,"minecraft:blackstone":3,"minecraft:torch":13,"minecraft:cobblestone":35,"minecraft:oak_planks":15,"minecraft:wall_torch":5,"minecraft:pink_petals":1,"minecraft:stone_brick_stairs":1,"minecraft:grass":39,"minecraft:oak_log":21,"minecraft:sand":19,"minecraft:dirt":2,"bno:nether_lapis_ore":2,"minecraft:netherrack":34,"minecraft:oak_leaves":4,"minecraft:deepslate":2,"minecraft:diamond_ore":1,"minecraft:mossy_cobblestone":7,"minecraft:deepslate_diamond_ore":2,"minecraft:nether_bricks":5,"minecraft:furnace":1,"minecraft:mossy_stone_brick_stairs":3,"minecraft:vine":10,"minecraft:stone":24,"minecraft:redstone_block":1,"jeg:scrap_ore":15,"minecraft:basalt":12,"jeg:basalt_brimstone_ore":24,"minecraft:crafting_table":6,"minecraft:tall_grass":15,"minecraft:copper_ore":5,"jeg:deepslate_scrap_ore":9,"minecraft:ice":1,"minecraft:coal_ore":24,"minecraft:cobweb":11,"minecraft:cracked_stone_bricks":8,"minecraft:stone_bricks":1,"minecraft:mossy_stone_bricks":2}},"DataVersion":3465}