{"stats":{"minecraft:picked_up":{"minecraft:iron_chestplate":17,"minecraft:wheat":12,"minecraft:chainmail_boots":1,"minecraft:redstone_block":4,"minecraft:lead":4,"minecraft:oak_stairs":5,"minecraft:potion":15,"minecraft:enchanted_book":19,"minecraft:stone_brick_stairs":3,"minecraft:string":129,"minecraft:raw_copper":120,"minecraft:cooked_salmon":3,"minecraft:iron_leggings":14,"minecraft:gold_nugget":83,"minecraft:furnace":1,"minecraft:iron_boots":20,"minecraft:golden_helmet":10,"minecraft:tipped_arrow":11,"minecraft:stick":88,"minecraft:torch":492,"minecraft:porkchop":14,"minecraft:cherry_log":2,"minecraft:cauldron":3,"minecraft:quartz_block":14,"minecraft:stone_sword":6,"minecraft:rotten_flesh":289,"minecraft:leather_horse_armor":3,"minecraft:cod":3,"minecraft:iron_bars":45,"minecraft:cobblestone":265,"minecraft:pink_petals":1,"minecraft:leather_chestplate":8,"minecraft:mossy_cobblestone_slab":1,"minecraft:feather":3,"minecraft:cooked_beef":40,"minecraft:cherry_planks":28,"minecraft:potato":1,"paraglider:spirit_orb":266,"minecraft:flint":11,"jeg:scrap":82,"minecraft:dirt":101,"minecraft:lapis_lazuli":122,"minecraft:polished_granite":7,"minecraft:leather_boots":8,"minecraft:bone":268,"minecraft:bow":18,"minecraft:wheat_seeds":34,"minecraft:mossy_stone_bricks":272,"minecraft:mossy_stone_brick_stairs":4,"minecraft:oak_planks":1051,"minecraft:cooked_porkchop":24,"minecraft:music_disc_13":2,"minecraft:sand":55,"minecraft:nether_brick_stairs":10,"minecraft:mossy_cobblestone":17,"minecraft:white_candle":2,"minecraft:diamond":3,"minecraft:golden_apple":30,"minecraft:chainmail_helmet":18,"minecraft:emerald":8,"minecraft:netherrack":14,"minecraft:bricks":10,"sophisticatedbackpacks:gold_backpack":4,"minecraft:fishing_rod":2,"minecraft:crafting_table":8,"minecraft:allium":1,"iceandfire:witherbone":2,"minecraft:chicken":4,"minecraft:leather_leggings":7,"minecraft:brown_mushroom":11,"minecraft:shield":25,"minecraft:wooden_sword":5,"minecraft:compass":1,"minecraft:iron_shovel":14,"minecraft:cracked_stone_bricks":189,"minecraft:beef":6,"minecraft:poppy":2,"minecraft:iron_nugget":88,"minecraft:light_gray_wool":2,"minecraft:sugar_cane":12,"minecraft:chest":9,"minecraft:egg":7,"minecraft:raw_iron":36,"minecraft:polished_deepslate_slab":1,"minecraft:copper_ingot":15,"minecraft:bowl":54,"minecraft:music_disc_mellohi":8,"sophisticatedbackpacks:backpack":6,"minecraft:carrot":5,"minecraft:tnt":22,"minecraft:polished_granite_stairs":4,"minecraft:arrow":597,"minecraft:cooked_cod":2,"minecraft:nether_bricks":60,"jeg:waterpipe_shotgun":7,"minecraft:gold_ingot":62,"minecraft:brick_stairs":7,"minecraft:mutton":8,"minecraft:white_wool":13,"minecraft:clock":7,"minecraft:salmon":1,"minecraft:leather":12,"minecraft:red_mushroom":3,"minecraft:filled_map":1,"minecraft:granite_stairs":2,"minecraft:oak_log":48,"minecraft:chainmail_chestplate":10,"minecraft:golden_boots":7,"minecraft:gunpowder":75,"minecraft:paper":32,"jeg:grenade":15,"minecraft:cooked_mutton":12,"minecraft:apple":1,"minecraft:stone_bricks":11,"minecraft:heart_of_the_sea":1,"minecraft:iron_ingot":164,"minecraft:stone_pickaxe":24,"minecraft:cooked_chicken":2,"minecraft:cobweb":10,"minecraft:glass_bottle":14,"minecraft:iron_sword":36,"jeg:tech_trash":6,"minecraft:book":32,"minecraft:sweet_berries":72,"minecraft:chiseled_stone_bricks":5,"minecraft:gravel":4,"minecraft:white_bed":6,"minecraft:spider_eye":12,"minecraft:leather_helmet":3,"jeg:handmade_shell":30,"minecraft:diamond_shovel":8,"minecraft:slime_ball":26,"minecraft:stone_axe":19,"minecraft:chainmail_leggings":5,"minecraft:iron_helmet":3,"minecraft:gray_wool":1,"minecraft:mossy_cobblestone_stairs":5,"minecraft:coal":154,"minecraft:ender_pearl":23},"minecraft:broken":{"minecraft:leather_leggings":2,"minecraft:iron_boots":1,"minecraft:iron_chestplate":1,"minecraft:iron_leggings":1,"minecraft:iron_sword":1,"minecraft:leather_helmet":1,"minecraft:chainmail_leggings":1,"minecraft:stone_sword":2,"minecraft:leather_chestplate":1},"minecraft:used":{"minecraft:polished_granite_stairs":4,"minecraft:chest":7,"minecraft:stone":48,"minecraft:iron_sword":150,"minecraft:rotten_flesh":19,"minecraft:nether_bricks":60,"minecraft:carrot":1,"jeg:grenade":2,"minecraft:obsidian":1,"minecraft:bricks":64,"minecraft:grass_block":117,"minecraft:stone_brick_stairs":1,"minecraft:stone_bricks":1,"minecraft:bow":89,"minecraft:furnace":1,"minecraft:mossy_stone_bricks":45,"minecraft:stone_pickaxe":209,"minecraft:oak_planks":83,"minecraft:wooden_pickaxe":8,"minecraft:golden_apple":6,"minecraft:sand":45,"minecraft:mushroom_stew":2,"minecraft:polished_granite":14,"minecraft:fire_charge":1,"minecraft:wooden_sword":30,"minecraft:oak_boat":1,"jeg:waterpipe_shotgun":8,"minecraft:cobweb":10,"minecraft:experience_bottle":1,"minecraft:netherite_sword":32,"minecraft:iron_bars":2,"minecraft:stone_sword":248,"minecraft:granite_stairs":10,"minecraft:torch":51,"minecraft:dirt":2,"minecraft:brick_stairs":6,"minecraft:cooked_beef":9,"minecraft:cooked_mutton":10,"minecraft:baked_potato":8,"minecraft:cracked_stone_bricks":49,"minecraft:polished_deepslate_slab":1,"minecraft:mossy_cobblestone":4,"minecraft:crafting_table":8,"minecraft:white_bed":8,"minecraft:diamond_shovel":1,"jeg:scrap_workbench":1,"minecraft:stone_axe":104,"minecraft:fishing_rod":6,"minecraft:cobblestone":59,"minecraft:potion":4,"minecraft:cooked_porkchop":12},"minecraft:killed":{"minecraft:cave_spider":1,"minecraft:spider":13,"minecraft:skeleton":41,"minecraft:chicken":3,"minecraft:pig":4,"minecraft:zombie_villager":8,"minecraft:creeper":12,"hordes:drowned_player":1,"minecraft:sheep":6,"minecraft:zombie":20,"minecraft:stray":6,"minecraft:cow":3,"hordes:zombie_player":24,"minecraft:drowned":6,"minecraft:bat":1,"minecraft:wither_skeleton":1},"minecraft:crafted":{"minecraft:oak_planks":124,"minecraft:cooked_mutton":10,"minecraft:iron_boots":1,"minecraft:chest":8,"sophisticatedbackpacks:backpack":1,"minecraft:cooked_porkchop":14,"minecraft:crafting_table":5,"minecraft:wooden_pickaxe":1,"minecraft:baked_potato":2,"minecraft:iron_helmet":1,"minecraft:copper_ingot":6,"minecraft:stick":36,"minecraft:iron_ingot":14,"minecraft:stone_sword":3,"minecraft:gold_ingot":2,"minecraft:cherry_planks":8,"minecraft:wooden_sword":1,"minecraft:fishing_rod":2,"minecraft:mushroom_stew":2,"jeg:scrap_workbench":1,"minecraft:stone_pickaxe":2,"sophisticatedbackpacks:iron_backpack":1,"minecraft:cooked_beef":6,"minecraft:iron_sword":1,"sophisticatedbackpacks:gold_backpack":1,"minecraft:air":0,"jeg:scrap_block":1,"minecraft:oak_boat":1,"minecraft:white_wool":1,"minecraft:gold_nugget":9,"minecraft:iron_leggings":1,"minecraft:white_bed":3,"minecraft:torch":44},"minecraft:mined":{"minecraft:white_bed":5,"minecraft:cherry_log":2,"minecraft:grass_block":2,"minecraft:spawner":39,"minecraft:mossy_cobblestone_slab":1,"minecraft:mossy_cobblestone_stairs":1,"minecraft:iron_ore":6,"minecraft:polished_deepslate_slab":1,"minecraft:iron_bars":4,"minecraft:quartz_block":4,"minecraft:torch":13,"minecraft:cobblestone":34,"minecraft:oak_planks":15,"minecraft:wall_torch":5,"minecraft:pink_petals":1,"minecraft:stone_brick_stairs":1,"minecraft:grass":39,"minecraft:oak_log":21,"minecraft:sand":19,"minecraft:dirt":2,"minecraft:netherrack":1,"minecraft:oak_leaves":4,"minecraft:mossy_cobblestone":7,"minecraft:nether_bricks":4,"minecraft:furnace":1,"minecraft:mossy_stone_brick_stairs":3,"minecraft:vine":10,"minecraft:stone":24,"minecraft:redstone_block":1,"jeg:scrap_ore":15,"minecraft:crafting_table":5,"minecraft:tall_grass":15,"minecraft:copper_ore":5,"minecraft:coal_ore":24,"minecraft:cobweb":11,"minecraft:cracked_stone_bricks":8,"minecraft:stone_bricks":1,"minecraft:mossy_stone_bricks":2},"minecraft:custom":{"minecraft:interact_with_crafting_table":45,"minecraft:eat_cake_slice":1,"minecraft:leave_game":4,"minecraft:time_since_death":9832,"minecraft:sprint_one_cm":623099,"minecraft:drop":166,"minecraft:play_time":257432,"minecraft:deaths":27,"minecraft:jump":2097,"minecraft:walk_on_water_one_cm":30694,"minecraft:interact_with_furnace":40,"minecraft:sleep_in_bed":6,"minecraft:damage_dealt":20530,"minecraft:player_kills":16,"minecraft:crouch_one_cm":4993,"minecraft:mob_kills":152,"minecraft:climb_one_cm":9673,"minecraft:walk_one_cm":934462,"minecraft:sneak_time":3304,"minecraft:walk_under_water_one_cm":19766,"minecraft:boat_one_cm":45002,"minecraft:total_world_time":257432,"minecraft:time_since_rest":9866,"minecraft:damage_taken":12718,"minecraft:damage_absorbed":157,"minecraft:swim_one_cm":45759,"minecraft:fly_one_cm":457920,"minecraft:open_chest":337,"minecraft:fish_caught":5,"minecraft:fall_one_cm":39082},"minecraft:dropped":{"minecraft:nether_brick_stairs":6,"minecraft:iron_sword":8,"minecraft:cooked_beef":40,"minecraft:oak_log":17,"minecraft:glass_bottle":1,"minecraft:cooked_porkchop":26,"minecraft:leather":2,"minecraft:mossy_stone_brick_stairs":1,"jeg:scrap":8,"paraglider:spirit_orb":47,"minecraft:flint":7,"minecraft:dirt":4,"minecraft:gold_nugget":1,"minecraft:sand":8,"minecraft:fishing_rod":3,"minecraft:white_wool":5,"minecraft:gold_ingot":18,"minecraft:bone":4,"minecraft:stone_axe":1,"minecraft:iron_nugget":16,"minecraft:cooked_chicken":2,"minecraft:wheat":4,"minecraft:rotten_flesh":92,"minecraft:oak_planks":217,"minecraft:white_candle":4,"minecraft:diamond_shovel":1,"minecraft:cooked_mutton":12,"minecraft:carrot":2,"minecraft:chainmail_chestplate":5,"minecraft:chiseled_stone_bricks":1,"minecraft:poppy":2,"minecraft:tipped_arrow":2,"minecraft:melon_seeds":6,"minecraft:leather_boots":2,"minecraft:chainmail_boots":1,"minecraft:leather_leggings":3,"minecraft:iron_bars":9,"jeg:handmade_shell":4,"minecraft:netherrack":4,"minecraft:golden_boots":2,"minecraft:enchanted_book":4,"minecraft:iron_ingot":43,"minecraft:wheat_seeds":12,"minecraft:golden_helmet":4,"minecraft:tnt":7,"minecraft:mossy_cobblestone":4,"minecraft:cobblestone":103,"minecraft:lead":1,"minecraft:chainmail_helmet":1,"minecraft:coal":63,"minecraft:golden_apple":17,"minecraft:stick":4,"minecraft:mossy_cobblestone_slab":1,"minecraft:leather_horse_armor":1,"minecraft:torch":194,"minecraft:potion":2,"minecraft:oak_stairs":2,"jeg:waterpipe_shotgun":2,"minecraft:mossy_cobblestone_stairs":1,"minecraft:iron_shovel":3,"minecraft:string":33,"minecraft:pink_petals":1,"minecraft:bricks":1,"minecraft:stone_sword":3,"minecraft:iron_boots":2,"sophisticatedbackpacks:backpack":1,"minecraft:shield":4,"minecraft:allium":1,"minecraft:bow":1,"minecraft:stone_pickaxe":2},"minecraft:killed_by":{"minecraft:zombie_villager":1,"minecraft:zombie":4,"minecraft:player":13,"minecraft:skeleton":1}},"DataVersion":3465}