{"stats":{"minecraft:picked_up":{"minecraft:iron_chestplate":16,"minecraft:crafting_table":5,"minecraft:wheat":4,"minecraft:chicken":2,"minecraft:redstone_block":2,"minecraft:chainmail_boots":1,"iceandfire:witherbone":2,"minecraft:leather_leggings":7,"minecraft:brown_mushroom":8,"minecraft:lead":2,"minecraft:oak_stairs":4,"minecraft:enchanted_book":13,"minecraft:potion":5,"minecraft:stone_brick_stairs":2,"minecraft:shield":18,"minecraft:string":84,"minecraft:raw_copper":70,"minecraft:wooden_sword":1,"minecraft:iron_leggings":10,"minecraft:compass":1,"minecraft:iron_shovel":8,"minecraft:cracked_stone_bricks":180,"minecraft:gold_nugget":42,"minecraft:beef":6,"minecraft:iron_nugget":40,"minecraft:poppy":2,"minecraft:light_gray_wool":2,"minecraft:sugar_cane":8,"minecraft:iron_boots":16,"minecraft:furnace":1,"minecraft:tipped_arrow":5,"minecraft:golden_helmet":5,"minecraft:raw_iron":36,"minecraft:stick":65,"minecraft:polished_deepslate_slab":1,"minecraft:copper_ingot":1,"minecraft:music_disc_mellohi":5,"minecraft:torch":422,"minecraft:bowl":12,"sophisticatedbackpacks:backpack":6,"minecraft:porkchop":8,"minecraft:cherry_log":2,"minecraft:carrot":5,"minecraft:cauldron":1,"minecraft:tnt":3,"minecraft:quartz_block":10,"minecraft:polished_granite_stairs":4,"minecraft:stone_sword":6,"minecraft:arrow":442,"minecraft:rotten_flesh":106,"minecraft:nether_bricks":60,"jeg:waterpipe_shotgun":3,"minecraft:gold_ingot":39,"minecraft:brick_stairs":6,"minecraft:mutton":8,"minecraft:iron_bars":37,"minecraft:white_wool":3,"minecraft:cobblestone":177,"minecraft:pink_petals":1,"minecraft:mossy_cobblestone_slab":1,"minecraft:leather_chestplate":6,"minecraft:clock":4,"minecraft:feather":1,"minecraft:cooked_beef":40,"minecraft:cherry_planks":20,"minecraft:leather":8,"minecraft:potato":1,"minecraft:flint":9,"paraglider:spirit_orb":173,"minecraft:granite_stairs":2,"minecraft:oak_log":48,"minecraft:chainmail_chestplate":3,"jeg:scrap":41,"minecraft:golden_boots":3,"minecraft:gunpowder":50,"minecraft:lapis_lazuli":71,"minecraft:dirt":52,"minecraft:paper":26,"minecraft:polished_granite":3,"jeg:grenade":13,"minecraft:cooked_mutton":12,"minecraft:leather_boots":6,"minecraft:bone":189,"minecraft:stone_bricks":9,"minecraft:bow":13,"minecraft:wheat_seeds":27,"minecraft:iron_ingot":145,"minecraft:stone_pickaxe":20,"minecraft:cooked_chicken":2,"minecraft:cobweb":5,"minecraft:mossy_stone_bricks":260,"minecraft:glass_bottle":3,"minecraft:oak_planks":562,"minecraft:iron_sword":22,"jeg:tech_trash":5,"minecraft:mossy_stone_brick_stairs":2,"minecraft:book":8,"minecraft:cooked_porkchop":24,"minecraft:sweet_berries":48,"minecraft:chiseled_stone_bricks":4,"minecraft:nether_brick_stairs":4,"minecraft:white_bed":5,"minecraft:spider_eye":4,"minecraft:mossy_cobblestone":15,"minecraft:leather_helmet":3,"jeg:handmade_shell":10,"minecraft:white_candle":2,"minecraft:diamond_shovel":4,"minecraft:slime_ball":10,"minecraft:diamond":1,"minecraft:stone_axe":17,"minecraft:chainmail_leggings":5,"minecraft:iron_helmet":1,"minecraft:mossy_cobblestone_stairs":3,"minecraft:golden_apple":7,"minecraft:gray_wool":1,"minecraft:chainmail_helmet":15,"minecraft:netherrack":7,"minecraft:bricks":6,"minecraft:coal":118,"minecraft:ender_pearl":15},"minecraft:broken":{"minecraft:leather_helmet":1,"minecraft:chainmail_leggings":1,"minecraft:stone_sword":2,"minecraft:leather_leggings":2,"minecraft:iron_boots":1,"minecraft:iron_leggings":1,"minecraft:leather_chestplate":1},"minecraft:used":{"minecraft:netherite_sword":32,"minecraft:stone_sword":248,"minecraft:iron_bars":2,"minecraft:polished_granite_stairs":4,"minecraft:granite_stairs":10,"minecraft:chest":7,"minecraft:stone":48,"minecraft:iron_sword":118,"minecraft:rotten_flesh":16,"minecraft:torch":51,"minecraft:dirt":2,"minecraft:nether_bricks":60,"minecraft:carrot":1,"minecraft:obsidian":1,"jeg:grenade":2,"minecraft:bricks":64,"minecraft:grass_block":117,"minecraft:brick_stairs":6,"minecraft:stone_bricks":1,"minecraft:bow":89,"minecraft:furnace":1,"minecraft:cooked_beef":9,"minecraft:cooked_mutton":10,"minecraft:mossy_stone_bricks":45,"minecraft:baked_potato":8,"minecraft:oak_planks":83,"minecraft:stone_pickaxe":208,"minecraft:wooden_pickaxe":8,"minecraft:golden_apple":4,"minecraft:cracked_stone_bricks":49,"minecraft:mossy_cobblestone":4,"minecraft:polished_deepslate_slab":1,"minecraft:crafting_table":4,"minecraft:mushroom_stew":2,"minecraft:white_bed":6,"minecraft:polished_granite":14,"jeg:scrap_workbench":1,"minecraft:stone_axe":104,"minecraft:fire_charge":1,"minecraft:cobblestone":43,"minecraft:wooden_sword":30,"minecraft:potion":3,"minecraft:cooked_porkchop":12,"jeg:waterpipe_shotgun":1,"minecraft:cobweb":6},"minecraft:killed":{"minecraft:cave_spider":1,"hordes:zombie_player":22,"minecraft:spider":13,"minecraft:skeleton":41,"minecraft:chicken":2,"minecraft:drowned":5,"minecraft:pig":3,"minecraft:zombie_villager":6,"minecraft:bat":1,"minecraft:creeper":12,"minecraft:sheep":6,"minecraft:zombie":19,"minecraft:stray":6,"minecraft:wither_skeleton":1,"minecraft:cow":3},"minecraft:crafted":{"minecraft:cherry_planks":8,"minecraft:wooden_sword":1,"minecraft:oak_planks":124,"minecraft:mushroom_stew":2,"minecraft:cooked_mutton":10,"minecraft:iron_boots":1,"jeg:scrap_workbench":1,"minecraft:stone_pickaxe":2,"minecraft:chest":8,"sophisticatedbackpacks:iron_backpack":1,"minecraft:cooked_beef":6,"sophisticatedbackpacks:backpack":1,"minecraft:cooked_porkchop":14,"minecraft:crafting_table":2,"minecraft:iron_helmet":1,"minecraft:wooden_pickaxe":1,"minecraft:baked_potato":2,"minecraft:iron_sword":1,"sophisticatedbackpacks:gold_backpack":1,"minecraft:air":0,"jeg:scrap_block":1,"minecraft:gold_nugget":9,"minecraft:stick":28,"minecraft:iron_ingot":8,"minecraft:stone_sword":3,"minecraft:iron_leggings":1,"minecraft:gold_ingot":2,"minecraft:white_bed":1,"minecraft:torch":44},"minecraft:mined":{"minecraft:white_bed":4,"minecraft:mossy_cobblestone":7,"minecraft:cherry_log":2,"minecraft:nether_bricks":4,"minecraft:grass_block":2,"minecraft:spawner":39,"minecraft:mossy_cobblestone_slab":1,"minecraft:furnace":1,"minecraft:mossy_cobblestone_stairs":1,"minecraft:iron_ore":6,"minecraft:mossy_stone_brick_stairs":3,"minecraft:vine":10,"minecraft:polished_deepslate_slab":1,"minecraft:iron_bars":4,"minecraft:stone":23,"minecraft:redstone_block":1,"jeg:scrap_ore":15,"minecraft:quartz_block":4,"minecraft:torch":13,"minecraft:crafting_table":4,"minecraft:copper_ore":5,"minecraft:tall_grass":14,"minecraft:cobblestone":34,"minecraft:oak_planks":15,"minecraft:wall_torch":5,"minecraft:pink_petals":1,"minecraft:stone_brick_stairs":1,"minecraft:grass":34,"minecraft:coal_ore":24,"minecraft:oak_log":21,"minecraft:dirt":2,"minecraft:cobweb":7,"minecraft:cracked_stone_bricks":8,"minecraft:stone_bricks":1,"minecraft:netherrack":1,"minecraft:mossy_stone_bricks":2,"minecraft:oak_leaves":4},"minecraft:custom":{"minecraft:mob_kills":143,"minecraft:interact_with_crafting_table":38,"minecraft:eat_cake_slice":1,"minecraft:leave_game":4,"minecraft:time_since_death":41773,"minecraft:climb_one_cm":9673,"minecraft:sprint_one_cm":601306,"minecraft:walk_one_cm":830799,"minecraft:drop":98,"minecraft:play_time":221432,"minecraft:sneak_time":2433,"minecraft:deaths":22,"minecraft:walk_under_water_one_cm":11106,"minecraft:jump":1700,"minecraft:walk_on_water_one_cm":19089,"minecraft:total_world_time":221432,"minecraft:interact_with_furnace":38,"minecraft:sleep_in_bed":6,"minecraft:time_since_rest":41808,"minecraft:damage_taken":10820,"minecraft:damage_absorbed":80,"minecraft:damage_dealt":19286,"minecraft:player_kills":14,"minecraft:swim_one_cm":10110,"minecraft:fly_one_cm":416333,"minecraft:open_chest":308,"minecraft:crouch_one_cm":2796,"minecraft:fall_one_cm":33777},"minecraft:dropped":{"minecraft:nether_brick_stairs":2,"minecraft:enchanted_book":2,"minecraft:iron_sword":4,"minecraft:wheat_seeds":12,"minecraft:golden_helmet":3,"minecraft:cooked_beef":40,"minecraft:oak_log":17,"minecraft:mossy_cobblestone":4,"minecraft:cooked_porkchop":26,"minecraft:cobblestone":65,"minecraft:chainmail_helmet":1,"minecraft:coal":63,"minecraft:flint":7,"paraglider:spirit_orb":4,"minecraft:stick":4,"minecraft:dirt":4,"minecraft:mossy_cobblestone_slab":1,"minecraft:torch":194,"jeg:waterpipe_shotgun":2,"minecraft:oak_stairs":2,"minecraft:gold_nugget":1,"minecraft:iron_shovel":1,"minecraft:string":33,"minecraft:pink_petals":1,"minecraft:gold_ingot":18,"minecraft:bone":4,"minecraft:stone_axe":1,"minecraft:cooked_chicken":2,"minecraft:stone_sword":3,"minecraft:rotten_flesh":31,"minecraft:oak_planks":25,"minecraft:iron_boots":2,"minecraft:white_candle":4,"sophisticatedbackpacks:backpack":1,"minecraft:cooked_mutton":12,"minecraft:carrot":2,"minecraft:chainmail_chestplate":3,"minecraft:chiseled_stone_bricks":1,"minecraft:poppy":2,"minecraft:tipped_arrow":2,"minecraft:shield":3,"minecraft:melon_seeds":6,"minecraft:chainmail_boots":1,"minecraft:leather_leggings":3,"minecraft:iron_bars":9,"minecraft:stone_pickaxe":2,"jeg:handmade_shell":4,"minecraft:iron_ingot":43},"minecraft:killed_by":{"minecraft:zombie_villager":1,"minecraft:player":11,"minecraft:skeleton":1,"minecraft:zombie":4}},"DataVersion":3465}