{"stats":{"minecraft:crafted":{"minecraft:brick":12,"minecraft:oak_planks":148,"botanypots:terracotta_hopper_botany_pot":4,"minecraft:cooked_chicken":18,"ironfurnaces:iron_furnace":1,"minecraft:diamond_shovel":1,"minecraft:hopper":5,"minecraft:diamond_helmet":3,"minecraft:bow":2,"minecraft:diamond_leggings":3,"minecraft:raw_copper":18,"ironbows:diamond_bow":1,"minecraft:chest":9,"minecraft:copper_block":2,"minecraft:flower_pot":10,"sophisticatedbackpacks:backpack":1,"minecraft:cooked_porkchop":14,"minecraft:diamond_axe":2,"minecraft:crafting_table":6,"minecraft:wooden_pickaxe":2,"minecraft:baked_potato":11,"minecraft:copper_ingot":80,"minecraft:gold_block":2,"minecraft:wooden_hoe":1,"sophisticatedbackpacks:diamond_backpack":2,"minecraft:stick":68,"minecraft:iron_ingot":130,"minecraft:iron_block":5,"minecraft:stone_sword":1,"minecraft:gold_ingot":53,"minecraft:wooden_sword":1,"ironfurnaces:gold_furnace":1,"minecraft:furnace":2,"ironchest:dirt_chest":1,"minecraft:bone_meal":15,"minecraft:diamond_block":2,"minecraft:terracotta":23,"minecraft:leather":1,"jeg:scrap_workbench":1,"minecraft:stone_pickaxe":2,"minecraft:diamond_boots":3,"minecraft:wheat":117,"sophisticatedbackpacks:iron_backpack":2,"minecraft:cooked_beef":17,"minecraft:coal_block":1,"minecraft:diamond_sword":1,"iceandfire:silver_ingot":12,"tacz:gun_smith_table":1,"sophisticatedbackpacks:gold_backpack":2,"scalinghealth:heart_crystal":2,"minecraft:bucket":1,"minecraft:bread":39,"minecraft:air":0,"jeg:scrap_block":1,"minecraft:golden_apple":17,"minecraft:torch":132,"minecraft:clay":21,"minecraft:diamond_chestplate":2},"minecraft:picked_up":{"minecraft:wheat":3,"minecraft:redstone_block":3,"minecraft:chainmail_boots":7,"minecraft:flower_pot":3,"minecraft:stone_slab":1,"minecraft:diamond_sword":4,"minecraft:oak_stairs":4,"minecraft:wither_rose":1,"minecraft:potion":4,"minecraft:enchanted_book":3,"minecraft:amethyst_block":8,"iceandfire:manuscript":22,"minecraft:string":55,"minecraft:raw_copper":64,"minecraft:iron_leggings":8,"minecraft:experience_bottle":34,"minecraft:diamond_leggings":1,"minecraft:cobbled_deepslate":29,"minecraft:redstone_torch":3,"minecraft:iron_pickaxe":6,"minecraft:enchanted_golden_apple":3,"minecraft:coal_block":1,"minecraft:furnace":1,"minecraft:stick":9,"minecraft:oak_fence":6,"minecraft:torch":197,"minecraft:porkchop":11,"tombstone:grave_dust":11,"sophisticatedbackpacks:pickup_upgrade":2,"minecraft:stone_sword":9,"minecraft:rotten_flesh":98,"minecraft:white_terracotta":1,"minecraft:iron_bars":10,"minecraft:cobblestone":71,"minecraft:feather":16,"minecraft:cooked_beef":10,"minecraft:iron_door":1,"minecraft:andesite":3,"minecraft:brown_wool":3,"minecraft:copper_block":2,"minecraft:potato":5,"paraglider:spirit_orb":65,"minecraft:flint":30,"minecraft:tuff":7,"jeg:scrap":19,"minecraft:lapis_lazuli":63,"minecraft:dirt":106,"minecraft:leather_boots":4,"minecraft:bone":9,"minecraft:bow":6,"minecraft:wheat_seeds":14,"minecraft:raw_gold":123,"botanypots:terracotta_hopper_botany_pot":3,"minecraft:mossy_stone_bricks":9,"tacz:gun_smith_table":2,"minecraft:mossy_stone_brick_stairs":2,"minecraft:oak_planks":249,"ironfurnaces:iron_furnace":2,"ironbows:diamond_bow":1,"minecraft:nether_brick_stairs":6,"minecraft:bundle":1,"minecraft:clay":34,"minecraft:diamond":13,"minecraft:lever":5,"minecraft:golden_apple":3,"minecraft:chainmail_helmet":10,"minecraft:bread":131,"minecraft:oak_sapling":1,"minecraft:bricks":2,"minecraft:diamond_pickaxe":5,"minecraft:crafting_table":6,"minecraft:azure_bluet":2,"iceandfire:witherbone":1,"minecraft:chicken":7,"minecraft:clay_ball":36,"minecraft:golden_pickaxe":1,"minecraft:brown_mushroom":3,"minecraft:cooked_rabbit":2,"iceandfire:frozen_cobblestone":5,"minecraft:shield":5,"iceandfire:frozen_stone":17,"tacz:ammo":133,"minecraft:iron_shovel":6,"minecraft:blackstone":6,"minecraft:cracked_stone_bricks":3,"minecraft:beef":9,"minecraft:iron_nugget":2,"minecraft:sugar_cane":15,"minecraft:chest":1,"minecraft:raw_iron":70,"minecraft:oak_door":1,"minecraft:copper_ingot":29,"minecraft:bowl":1,"sophisticatedbackpacks:backpack":8,"minecraft:iron_horse_armor":3,"minecraft:stone_pressure_plate":1,"minecraft:arrow":35,"minecraft:diamond_chestplate":5,"ironfurnaces:gold_furnace":1,"iceandfire:dragonscales_silver":8,"minecraft:diamond_boots":1,"minecraft:hay_block":13,"minecraft:brick_stairs":3,"minecraft:mutton":11,"minecraft:white_wool":5,"minecraft:stripped_oak_log":3,"minecraft:lime_bed":1,"minecraft:air":0,"minecraft:glow_ink_sac":8,"minecraft:leather":12,"minecraft:birch_planks":6,"minecraft:oak_log":43,"minecraft:chainmail_chestplate":6,"scalinghealth:bandages":3,"minecraft:golden_boots":1,"minecraft:yellow_bed":4,"minecraft:gunpowder":42,"scalinghealth:heart_crystal":7,"minecraft:wooden_hoe":6,"minecraft:paper":18,"tombstone:gift":3,"minecraft:orange_terracotta":4,"minecraft:cooked_mutton":3,"minecraft:stone_bricks":7,"minecraft:apple":16,"minecraft:iron_ingot":15,"minecraft:stone_pickaxe":2,"minecraft:cooked_chicken":9,"scalinghealth:power_crystal_shard":4,"tombstone:bag_of_seeds":2,"minecraft:iron_sword":7,"jeg:tech_trash":3,"sophisticatedbackpacks:diamond_backpack":7,"minecraft:smooth_basalt":3,"minecraft:dandelion":1,"minecraft:gravel":12,"minecraft:amethyst_shard":34,"minecraft:spider_eye":7,"iceandfire:silver_sword":1,"tacz:modern_kinetic_gun":3,"minecraft:chainmail_leggings":2,"minecraft:gray_wool":1,"iceandfire:ice_dragon_flesh":3,"tombstone:magic_scroll":1,"minecraft:terracotta":13,"minecraft:baked_potato":60,"minecraft:coal":121,"minecraft:ender_pearl":15},"minecraft:killed":{"minecraft:cave_spider":5,"minecraft:spider":32,"minecraft:skeleton":26,"minecraft:chicken":18,"minecraft:pig":1,"minecraft:zombie_villager":10,"minecraft:creeper":6,"minecraft:sheep":6,"minecraft:pillager":1,"minecraft:zombie":26,"minecraft:stray":2,"minecraft:cow":12,"hordes:zombie_player":10,"graveyard:corrupted_vindicator":1,"minecraft:horse":2,"minecraft:drowned":1,"tinyallies:zombie":1,"iceandfire:ice_dragon":4,"minecraft:wither_skeleton":2,"minecraft:enderman":3},"minecraft:custom":{"minecraft:interact_with_crafting_table":155,"minecraft:open_barrel":36,"minecraft:eat_cake_slice":7,"minecraft:leave_game":7,"minecraft:time_since_death":3076,"minecraft:damage_resisted":610,"minecraft:sprint_one_cm":1127338,"minecraft:drop":119,"minecraft:talked_to_villager":2,"minecraft:play_time":542087,"minecraft:deaths":38,"minecraft:jump":6703,"minecraft:walk_on_water_one_cm":49388,"minecraft:interact_with_furnace":256,"minecraft:sleep_in_bed":18,"minecraft:damage_dealt":32024,"minecraft:player_kills":2,"minecraft:crouch_one_cm":25045,"tombstone:undead_killed":78,"minecraft:mob_kills":179,"minecraft:interact_with_anvil":1,"minecraft:damage_dealt_resisted":535,"minecraft:climb_one_cm":8116,"minecraft:walk_one_cm":1844914,"minecraft:sneak_time":9009,"minecraft:walk_under_water_one_cm":42575,"minecraft:total_world_time":542087,"tombstone:raider_killed":1,"minecraft:time_since_rest":2883,"minecraft:damage_taken":30247,"minecraft:damage_absorbed":533,"minecraft:swim_one_cm":99255,"minecraft:fly_one_cm":1532715,"minecraft:open_chest":474,"minecraft:fall_one_cm":182072},"minecraft:killed_by":{"minecraft:zombie_villager":2,"minecraft:zombie":10,"minecraft:player":1,"minecraft:skeleton":1},"minecraft:used":{"minecraft:iron_shovel":135,"minecraft:chest":2,"minecraft:iron_sword":56,"minecraft:rotten_flesh":12,"paraglider:goddess_statue":2,"minecraft:tuff":3,"minecraft:lava_bucket":2,"minecraft:stone_bricks":3,"ironfurnaces:iron_furnace":2,"minecraft:bow":12,"minecraft:written_book":2,"minecraft:furnace":9,"ironchest:dirt_chest":1,"minecraft:oak_planks":152,"minecraft:stone_pickaxe":64,"minecraft:ender_pearl":1,"minecraft:blackstone":2,"minecraft:wooden_pickaxe":17,"minecraft:clay":5,"minecraft:diamond_axe":42,"minecraft:white_wool":1,"minecraft:golden_apple":18,"ironbows:diamond_bow":14,"minecraft:bread":40,"minecraft:diamond_sword":602,"minecraft:wooden_sword":11,"minecraft:cooked_rabbit":2,"minecraft:experience_bottle":4,"ironfurnaces:gold_furnace":2,"minecraft:iron_bars":4,"minecraft:stone_sword":97,"tacz:gun_smith_table":5,"minecraft:cooked_chicken":21,"minecraft:torch":89,"minecraft:dirt":34,"scalinghealth:heart_crystal":14,"minecraft:nether_brick_stairs":1,"tombstone:gift":5,"minecraft:cooked_beef":30,"minecraft:cobbled_deepslate":39,"minecraft:cooked_mutton":3,"tombstone:scroll_of_knowledge":1,"botanypots:terracotta_hopper_botany_pot":13,"minecraft:baked_potato":14,"minecraft:mossy_cobblestone":8,"minecraft:terracotta":1,"minecraft:crafting_table":15,"minecraft:lime_bed":4,"minecraft:wooden_hoe":30,"minecraft:diamond_pickaxe":301,"minecraft:diamond_shovel":20,"minecraft:iron_pickaxe":68,"jeg:scrap_workbench":1,"minecraft:cobblestone":29,"minecraft:cooked_porkchop":16,"minecraft:bucket":1,"minecraft:yellow_bed":5,"minecraft:stripped_oak_log":5},"minecraft:mined":{"minecraft:stone_pressure_plate":1,"minecraft:grass_block":4,"tacz:gun_smith_table":4,"minecraft:spawner":45,"ironfurnaces:gold_furnace":2,"minecraft:cobbled_deepslate":17,"minecraft:fire":8,"minecraft:nether_brick_stairs":6,"iceandfire:gold_pile":51,"minecraft:iron_bars":10,"minecraft:oak_stairs":5,"minecraft:brown_mushroom":3,"botanypots:terracotta_hopper_botany_pot":13,"minecraft:quartz_block":5,"minecraft:orange_terracotta":4,"ironfurnaces:iron_furnace":2,"minecraft:clay":23,"minecraft:torch":4,"minecraft:cobblestone":15,"minecraft:sugar_cane":7,"minecraft:oak_planks":5,"minecraft:bricks":1,"minecraft:iron_door":1,"minecraft:seagrass":2,"minecraft:grass":97,"minecraft:oak_log":51,"minecraft:sand":140,"minecraft:dirt":6,"minecraft:netherrack":1,"minecraft:deepslate":38,"minecraft:tuff":4,"minecraft:mossy_cobblestone":8,"minecraft:potted_wither_rose":1,"minecraft:deepslate_diamond_ore":8,"iceandfire:frozen_cobblestone":10,"minecraft:lever":2,"iceandfire:frozen_stone":19,"minecraft:spruce_leaves":8,"minecraft:large_fern":1,"minecraft:hay_block":14,"minecraft:furnace":9,"minecraft:andesite":6,"minecraft:mossy_stone_brick_stairs":4,"minecraft:vine":16,"minecraft:stripped_oak_log":3,"minecraft:stone":48,"minecraft:redstone_block":3,"jeg:scrap_ore":14,"minecraft:crafting_table":14,"minecraft:stone_slab":1,"minecraft:tall_grass":63,"minecraft:copper_ore":11,"minecraft:gray_wool":1,"jeg:scrap_workbench":1,"minecraft:lime_bed":4,"minecraft:ice":3,"minecraft:yellow_bed":5,"minecraft:potted_azure_bluet":1,"minecraft:coal_ore":30,"minecraft:flower_pot":1,"minecraft:cracked_stone_bricks":3,"minecraft:terracotta":1,"minecraft:stone_bricks":1,"minecraft:mossy_stone_bricks":6,"paraglider:goddess_statue":6},"minecraft:broken":{"minecraft:diamond_helmet":2,"minecraft:diamond_leggings":1},"minecraft:dropped":{"minecraft:nether_brick_stairs":3,"minecraft:clay":1,"minecraft:iron_sword":5,"minecraft:brown_mushroom":3,"minecraft:birch_planks":2,"minecraft:cooked_beef":6,"minecraft:baked_potato":4,"minecraft:chorus_fruit":1,"minecraft:ender_pearl":1,"minecraft:diamond":68,"minecraft:crafting_table":1,"minecraft:leather":6,"minecraft:mossy_stone_brick_stairs":4,"minecraft:iron_horse_armor":1,"minecraft:cracked_stone_bricks":1,"paraglider:spirit_orb":6,"minecraft:dirt":1,"tombstone:bag_of_seeds":1,"minecraft:gravel":9,"minecraft:lever":2,"minecraft:cobbled_deepslate":4,"minecraft:rotten_flesh":8,"minecraft:oak_planks":34,"minecraft:azure_bluet":2,"sophisticatedbackpacks:diamond_backpack":1,"minecraft:chainmail_chestplate":2,"minecraft:brick_stairs":2,"minecraft:quartz_block":21,"minecraft:leather_boots":3,"minecraft:chainmail_boots":2,"minecraft:iron_bars":4,"minecraft:arrow":1,"minecraft:polished_granite":1,"minecraft:diamond_leggings":2,"minecraft:oak_fence":3,"minecraft:cobblestone":13,"scalinghealth:heart_crystal_shard":1,"minecraft:chainmail_helmet":2,"minecraft:coal_block":1,"scalinghealth:heart_crystal":1,"minecraft:torch":11,"minecraft:brown_wool":2,"minecraft:iron_door":1,"tombstone:grave_dust":5,"minecraft:iron_leggings":2,"tacz:modern_kinetic_gun":3,"minecraft:string":9,"minecraft:bricks":2,"minecraft:sweet_berries":1,"minecraft:stone_sword":2,"minecraft:bowl":1,"minecraft:tuff":4,"minecraft:iron_boots":1,"sophisticatedbackpacks:backpack":1,"minecraft:stone_slab":1,"minecraft:white_terracotta":1,"minecraft:diamond_sword":2,"minecraft:shield":2,"minecraft:diamond_chestplate":2,"minecraft:andesite":3,"minecraft:spider_eye":7,"minecraft:stone_bricks":3,"tacz:ammo":121,"minecraft:diamond_boots":2,"minecraft:bow":1,"minecraft:stone_pickaxe":1,"minecraft:calcite":3}},"DataVersion":3465}