{"stats":{"minecraft:killed":{"minecraft:piglin":2,"minecraft:hoglin":2,"minecraft:skeleton":1,"minecraft:ghast":1},"minecraft:custom":{"minecraft:mob_kills":6,"minecraft:interact_with_crafting_table":14,"minecraft:time_since_death":6567,"minecraft:climb_one_cm":458,"minecraft:time_since_rest":5080,"minecraft:damage_absorbed":37,"minecraft:damage_taken":8561,"minecraft:sprint_one_cm":122183,"minecraft:walk_one_cm":380114,"minecraft:drop":35,"minecraft:damage_dealt":981,"tombstone:cast_on_ally":0,"minecraft:fly_one_cm":178084,"minecraft:open_chest":15,"minecraft:crouch_one_cm":15224,"minecraft:play_time":99175,"tombstone:undead_killed":1,"minecraft:deaths":27,"minecraft:sneak_time":3289,"minecraft:jump":1766,"minecraft:total_world_time":99175,"minecraft:fall_one_cm":41019},"minecraft:picked_up":{"minecraft:crafting_table":12,"minecraft:magma_block":2,"minecraft:basalt":1,"minecraft:leather":11,"minecraft:potion":1,"minecraft:gilded_blackstone":1,"minecraft:nether_brick":9,"minecraft:chain":4,"minecraft:wooden_sword":1,"minecraft:twisting_vines":1,"minecraft:leather_boots":1,"minecraft:bone":1,"minecraft:shroomlight":1,"minecraft:blackstone":29,"minecraft:gold_nugget":109,"minecraft:warped_stem":12,"minecraft:soul_sand":2,"minecraft:ghast_tear":1,"minecraft:warped_fungus":1,"minecraft:warped_wart_block":3,"minecraft:quartz":1,"minecraft:fire_charge":1,"minecraft:polished_blackstone_bricks":36,"minecraft:warped_planks":1,"minecraft:crying_obsidian":7,"minecraft:polished_basalt":1,"minecraft:cracked_polished_blackstone_bricks":33,"minecraft:gold_ingot":5,"minecraft:warped_roots":9,"minecraft:netherrack":360,"minecraft:crimson_nylium":3,"minecraft:crimson_roots":1},"minecraft:killed_by":{"minecraft:ghast":2,"minecraft:piglin":7,"minecraft:player":2,"minecraft:hoglin":1,"minecraft:piglin_brute":6,"minecraft:pillager":1,"minecraft:magma_cube":2},"minecraft:used":{"minecraft:flint_and_steel":2,"minecraft:blackstone":2,"minecraft:wooden_pickaxe":334,"minecraft:iron_sword":9,"minecraft:netherrack":281,"tombstone:scroll_of_preservation":3,"minecraft:warped_wart_block":2,"tombstone:scroll_of_feather_fall":1,"minecraft:crafting_table":12,"minecraft:crossbow":18,"minecraft:obsidian":16,"minecraft:wooden_axe":21,"minecraft:diamond_pickaxe":45,"minecraft:iron_pickaxe":95,"tombstone:grave_key":1,"minecraft:crimson_roots":1,"minecraft:wooden_sword":10,"minecraft:magma_block":2,"minecraft:cooked_porkchop":1,"minecraft:golden_pickaxe":32},"minecraft:broken":{"minecraft:golden_helmet":1,"minecraft:golden_boots":1,"minecraft:golden_pickaxe":1,"minecraft:golden_chestplate":1,"minecraft:wooden_pickaxe":5,"minecraft:golden_leggings":1},"minecraft:dropped":{"minecraft:blackstone":1,"minecraft:warped_fungus":1,"minecraft:obsidian":1,"tombstone:gift":1,"minecraft:warped_roots":9,"minecraft:stick":3,"minecraft:flint_and_steel":1,"minecraft:shroomlight":1,"minecraft:piglin_banner_pattern":1,"minecraft:chain":4,"minecraft:wooden_sword":2,"minecraft:basalt":1,"minecraft:crying_obsidian":9,"minecraft:netherrack":64,"minecraft:gold_ingot":19},"minecraft:mined":{"minecraft:nether_gold_ore":29,"minecraft:blackstone":29,"minecraft:twisting_vines_plant":1,"minecraft:soul_fire":2,"minecraft:crimson_nylium":3,"minecraft:basalt":1,"minecraft:crafting_table":12,"minecraft:warped_roots":3,"minecraft:crimson_roots":1,"minecraft:cracked_polished_blackstone_bricks":33,"minecraft:nether_quartz_ore":1,"minecraft:tall_grass":3,"minecraft:polished_blackstone_brick_stairs":1,"minecraft:gilded_blackstone":1,"minecraft:warped_wart_block":3,"minecraft:polished_blackstone_bricks":36,"minecraft:warped_nylium":42,"minecraft:magma_block":2,"minecraft:warped_planks":1,"minecraft:polished_basalt":1,"minecraft:nether_sprouts":1,"minecraft:fire":8,"minecraft:warped_fungus":1,"minecraft:grass":2,"minecraft:shroomlight":1,"minecraft:warped_stem":13,"minecraft:netherrack":316},"minecraft:crafted":{"minecraft:wooden_sword":1,"minecraft:crafting_table":1,"minecraft:wooden_pickaxe":6,"minecraft:iron_sword":1,"minecraft:golden_pickaxe":1,"minecraft:warped_planks":48,"minecraft:golden_leggings":1,"minecraft:stick":24,"minecraft:iron_ingot":18,"minecraft:iron_pickaxe":1,"minecraft:wooden_axe":1,"minecraft:gold_ingot":22,"minecraft:golden_helmet":1}},"DataVersion":3465}