{"stats":{"minecraft:killed":{"minecraft:piglin":1},"minecraft:custom":{"minecraft:time_since_rest":2642,"minecraft:sprint_one_cm":11973,"minecraft:damage_taken":2462,"minecraft:walk_one_cm":221431,"minecraft:mob_kills":1,"minecraft:drop":5,"minecraft:damage_dealt":140,"minecraft:interact_with_crafting_table":11,"minecraft:fly_one_cm":35536,"minecraft:open_chest":3,"minecraft:crouch_one_cm":6083,"minecraft:play_time":51175,"minecraft:deaths":8,"minecraft:sneak_time":1321,"minecraft:jump":876,"minecraft:time_since_death":2862,"minecraft:total_world_time":51175,"minecraft:fall_one_cm":18542},"minecraft:picked_up":{"minecraft:magma_block":2,"minecraft:crafting_table":9,"minecraft:warped_fungus":1,"minecraft:quartz":1,"minecraft:warped_wart_block":3,"minecraft:polished_blackstone_bricks":14,"minecraft:gilded_blackstone":1,"minecraft:warped_planks":1,"minecraft:twisting_vines":1,"minecraft:blackstone":25,"minecraft:shroomlight":1,"minecraft:gold_nugget":87,"minecraft:warped_stem":12,"minecraft:cracked_polished_blackstone_bricks":7,"minecraft:warped_roots":9,"minecraft:netherrack":261,"minecraft:crimson_roots":1},"minecraft:killed_by":{"minecraft:piglin":1,"minecraft:piglin_brute":1,"minecraft:pillager":1},"minecraft:used":{"minecraft:wooden_axe":20,"minecraft:flint_and_steel":2,"minecraft:blackstone":2,"minecraft:wooden_pickaxe":315,"minecraft:crimson_roots":1,"minecraft:netherrack":115,"minecraft:wooden_sword":3,"minecraft:crafting_table":9,"minecraft:golden_pickaxe":32,"minecraft:obsidian":16},"minecraft:broken":{"minecraft:golden_pickaxe":1,"minecraft:wooden_pickaxe":5},"minecraft:dropped":{"minecraft:blackstone":1,"minecraft:obsidian":1,"tombstone:gift":1,"minecraft:gold_ingot":1,"minecraft:flint_and_steel":1},"minecraft:mined":{"minecraft:polished_blackstone_bricks":14,"minecraft:nether_gold_ore":23,"minecraft:warped_nylium":42,"minecraft:magma_block":2,"minecraft:warped_planks":1,"minecraft:blackstone":25,"minecraft:twisting_vines_plant":1,"minecraft:nether_sprouts":1,"minecraft:warped_fungus":1,"minecraft:crafting_table":9,"minecraft:grass":2,"minecraft:shroomlight":1,"minecraft:warped_roots":3,"minecraft:crimson_roots":1,"minecraft:cracked_polished_blackstone_bricks":7,"minecraft:warped_stem":13,"minecraft:nether_quartz_ore":1,"minecraft:tall_grass":3,"minecraft:netherrack":225,"minecraft:gilded_blackstone":1,"minecraft:warped_wart_block":3},"minecraft:crafted":{"minecraft:warped_planks":48,"minecraft:wooden_sword":1,"minecraft:golden_leggings":1,"minecraft:crafting_table":1,"minecraft:stick":20,"minecraft:wooden_pickaxe":6,"minecraft:wooden_axe":1,"minecraft:gold_ingot":10,"minecraft:golden_pickaxe":1,"minecraft:golden_helmet":1}},"DataVersion":3465}