{"stats":{"minecraft:used":{"minecraft:chest":7,"minecraft:shield":21,"minecraft:iron_sword":512,"minecraft:rotten_flesh":32,"minecraft:nether_bricks":6,"minecraft:acacia_sapling":1,"jeg:grenade":175,"minecraft:iron_helmet":1,"minecraft:stone_bricks":1,"minecraft:magma_block":2,"minecraft:furnace":2,"jeg:revolver":64,"jeg:semi_auto_rifle":16,"minecraft:mossy_stone_bricks":42,"minecraft:leather_leggings":1,"minecraft:diamond_boots":4,"minecraft:wither_skeleton_skull":1,"minecraft:stone_pickaxe":169,"minecraft:oak_planks":3,"minecraft:leather_chestplate":1,"minecraft:wooden_pickaxe":18,"minecraft:diamond_axe":31,"minecraft:golden_apple":15,"minecraft:glow_berries":12,"jeg:bolt_action_rifle":5,"minecraft:bread":40,"minecraft:brown_wool":1,"minecraft:diamond_sword":1,"jeg:molotov_cocktail":5,"minecraft:cobweb":9,"minecraft:netherite_sword":8,"minecraft:enchanting_table":1,"minecraft:iron_bars":12,"iceandfire:silver_sword":135,"jeg:holy_shotgun":123,"jeg:pump_shotgun":4,"themutantmobsmod:gigaillager_spawn_egg":1,"minecraft:cooked_chicken":7,"minecraft:torch":28,"minecraft:orange_bed":1,"minecraft:dirt":8,"minecraft:anvil":2,"minecraft:diamond_helmet":3,"minecraft:dark_oak_planks":7,"paraglider:horned_statue":1,"minecraft:iron_axe":4,"minecraft:totem_of_undying":1,"minecraft:diamond_chestplate":2,"minecraft:goat_horn":2,"minecraft:cooked_beef":13,"minecraft:acacia_planks":14,"minecraft:cooked_mutton":18,"minecraft:leather_boots":1,"minecraft:cracked_stone_bricks":4,"minecraft:polished_blackstone_bricks":1,"minecraft:mossy_cobblestone":42,"minecraft:crafting_table":7,"minecraft:red_bed":7,"minecraft:magenta_bed":1,"jeg:typhoonee":3,"minecraft:diamond_pickaxe":245,"minecraft:iron_pickaxe":132,"jeg:scrap_workbench":2,"minecraft:stone_axe":10,"minecraft:cobblestone":28,"minecraft:potion":1,"minecraft:cooked_porkchop":14,"jeg:blossom_rifle":498,"minecraft:diamond_leggings":4},"minecraft:crafted":{"minecraft:stone":3,"minecraft:cooked_mutton":2,"minecraft:iron_boots":2,"minecraft:chest":5,"sophisticatedbackpacks:backpack":1,"minecraft:cauldron":1,"minecraft:cooked_porkchop":5,"minecraft:diamond_axe":1,"minecraft:crafting_table":4,"minecraft:wooden_pickaxe":2,"minecraft:iron_helmet":1,"minecraft:copper_ingot":27,"minecraft:iron_chestplate":1,"minecraft:shield":2,"minecraft:stick":16,"minecraft:iron_ingot":63,"minecraft:iron_pickaxe":1,"minecraft:redstone":135,"jeg:scrap_workbench":1,"minecraft:stone_pickaxe":2,"minecraft:dark_oak_planks":28,"minecraft:cooked_beef":3,"minecraft:iron_sword":1,"minecraft:red_bed":1,"minecraft:stone_axe":1,"minecraft:bread":1,"minecraft:air":0,"jeg:scrap_block":1,"minecraft:iron_leggings":1,"minecraft:stonecutter":1,"minecraft:acacia_planks":32},"minecraft:broken":{"minecraft:stone_pickaxe":1,"minecraft:iron_sword":1},"minecraft:picked_up":{"minecraft:iron_chestplate":3,"minecraft:wheat":3,"minecraft:redstone_block":23,"iceandfire:copper_sword":1,"minecraft:anvil":2,"minecraft:lead":11,"minecraft:enchanted_book":3,"minecraft:potion":1,"minecraft:brewing_stand":1,"iceandfire:manuscript":18,"minecraft:string":80,"minecraft:raw_copper":95,"minecraft:red_nether_bricks":1,"minecraft:experience_bottle":17,"jeg:revolver":4,"minecraft:diamond_leggings":13,"minecraft:cobbled_deepslate":4,"minecraft:cobblestone_slab":24,"minecraft:azalea":3,"minecraft:iron_pickaxe":2,"minecraft:enchanted_golden_apple":1,"minecraft:iron_boots":3,"minecraft:furnace":2,"minecraft:stick":18,"jeg:pistol_ammo":77,"minecraft:big_dripleaf":7,"minecraft:torch":17,"minecraft:acacia_log":8,"minecraft:porkchop":8,"minecraft:goat_horn":3,"minecraft:orange_bed":1,"minecraft:quartz_block":4,"minecraft:rotten_flesh":143,"minecraft:iron_bars":20,"minecraft:cobblestone":155,"minecraft:enchanting_table":1,"minecraft:leather_chestplate":1,"minecraft:magma_block":2,"minecraft:cooked_beef":14,"minecraft:feather":38,"minecraft:iron_door":10,"minecraft:jungle_log":18,"minecraft:brown_wool":4,"minecraft:potato":3,"paraglider:spirit_orb":116,"jeg:scrap":82,"minecraft:magenta_bed":1,"minecraft:wither_skeleton_skull":6,"minecraft:dirt":111,"minecraft:leather_boots":1,"minecraft:bone":75,"minecraft:acacia_planks":44,"minecraft:bow":3,"minecraft:wheat_seeds":12,"minecraft:mossy_stone_bricks":18,"minecraft:diamond_helmet":13,"minecraft:moss_block":6,"minecraft:oak_planks":15,"minecraft:mossy_stone_brick_stairs":2,"minecraft:cooked_porkchop":11,"minecraft:nether_brick_stairs":2,"minecraft:mossy_cobblestone":1,"jeg:custom_smg":1,"minecraft:granite":17,"minecraft:grass":2,"minecraft:golden_apple":26,"minecraft:bread":217,"minecraft:emerald":14,"minecraft:netherrack":1,"iceandfire:raw_silver":3,"minecraft:diamond_pickaxe":9,"sophisticatedbackpacks:gold_backpack":12,"minecraft:cocoa_beans":9,"minecraft:crafting_table":16,"minecraft:coarse_dirt":2,"minecraft:leather_leggings":1,"minecraft:clay_ball":84,"minecraft:wooden_pickaxe":3,"jeg:scrap_workbench":1,"minecraft:shield":15,"minecraft:red_bed":10,"minecraft:moss_carpet":1,"minecraft:iron_axe":4,"minecraft:white_carpet":11,"graveyard:corruption":14,"minecraft:cracked_stone_bricks":5,"iceandfire:graveyard_soil":1,"minecraft:beef":12,"minecraft:chest":4,"minecraft:egg":2,"minecraft:raw_iron":69,"minecraft:sandstone":10,"sophisticatedbackpacks:backpack":1,"minecraft:polished_blackstone_bricks":1,"minecraft:carrot":11,"minecraft:redstone":7,"minecraft:dark_oak_planks":38,"minecraft:diamond_chestplate":14,"iceandfire:silver_ingot":1,"minecraft:arrow":80,"minecraft:nether_bricks":44,"minecraft:diamond_boots":19,"minecraft:totem_of_undying":6,"paraglider:horned_statue":1,"minecraft:glow_berries":9,"minecraft:mutton":11,"minecraft:white_wool":74,"minecraft:skeleton_skull":1,"minecraft:rail":2,"minecraft:tripwire_hook":3,"minecraft:leather":34,"minecraft:birch_planks":6,"minecraft:gunpowder":24,"minecraft:cobblestone_wall":12,"minecraft:paper":4,"jeg:grenade":2,"minecraft:cooked_mutton":48,"minecraft:red_carpet":101,"minecraft:apple":2,"minecraft:stone_bricks":83,"minecraft:iron_ingot":8,"minecraft:stone_pickaxe":2,"minecraft:cooked_chicken":19,"minecraft:cobweb":9,"jeg:tech_trash":20,"minecraft:acacia_sapling":1,"minecraft:iron_sword":21,"minecraft:flowering_azalea":2,"minecraft:chiseled_stone_bricks":1,"minecraft:red_wool":3,"minecraft:gravel":1,"minecraft:spider_eye":17,"minecraft:diamond_shovel":1,"minecraft:stone_axe":5,"iceandfire:silver_sword":3,"minecraft:iron_helmet":3,"minecraft:terracotta":1,"minecraft:melon_seeds":5,"minecraft:coal":48},"minecraft:killed":{"minecraft:spider":8,"minecraft:cod":1,"minecraft:pufferfish":3,"minecraft:skeleton":19,"graveyard:acolyte":3,"minecraft:chicken":7,"themutantmobsmod:gigaillager_v_2":1,"minecraft:tropical_fish":1,"minecraft:pig":10,"minecraft:zombie_villager":6,"minecraft:creeper":4,"minecraft:sheep":17,"minecraft:zombie":33,"minecraft:cow":10,"minecraft:evoker":1,"hordes:zombie_player":11,"minecraft:vindicator":3,"cataclysm:lionfish":1,"cataclysm:deepling_angler":1,"minecraft:squid":1,"iceandfire:ghost":2},"minecraft:killed_by":{"minecraft:zombie_villager":1,"minecraft:vindicator":1,"minecraft:zombie":1,"minecraft:vex":5,"minecraft:player":1},"minecraft:mined":{"minecraft:dark_oak_planks":5,"iceandfire:graveyard_soil":2,"minecraft:red_nether_bricks":1,"minecraft:jungle_leaves":2,"minecraft:brewing_stand":1,"minecraft:granite":7,"minecraft:acacia_log":8,"minecraft:grass_block":3,"minecraft:jungle_log":18,"minecraft:chiseled_stone_bricks":1,"minecraft:spawner":43,"minecraft:light_blue_stained_glass":2,"minecraft:polished_blackstone_bricks":1,"minecraft:magma_block":2,"minecraft:iron_ore":40,"minecraft:anvil":2,"minecraft:nether_brick_stairs":4,"minecraft:enchanting_table":1,"minecraft:dirt_path":3,"minecraft:iron_bars":23,"minecraft:orange_bed":1,"minecraft:quartz_block":6,"minecraft:red_bed":6,"minecraft:clay":5,"minecraft:chest":4,"minecraft:white_stained_glass_pane":2,"minecraft:dead_bush":1,"minecraft:cobblestone":2,"minecraft:oak_planks":4,"minecraft:iron_door":2,"minecraft:wall_torch":2,"paraglider:horned_statue":1,"minecraft:stone_brick_stairs":2,"minecraft:grass":14,"minecraft:dirt":16,"minecraft:wither_skeleton_skull":1,"minecraft:netherrack":1,"minecraft:oak_leaves":2,"minecraft:deepslate":3,"minecraft:red_carpet":1,"minecraft:blue_stained_glass_pane":4,"iceandfire:silver_ore":1,"minecraft:mossy_cobblestone":1,"minecraft:dark_oak_leaves":1,"minecraft:gray_stained_glass_pane":2,"minecraft:nether_bricks":14,"minecraft:white_stained_glass":2,"minecraft:redstone_wire":2,"minecraft:moss_block":5,"minecraft:sandstone":10,"minecraft:furnace":2,"minecraft:mossy_stone_brick_stairs":2,"minecraft:deepslate_iron_ore":29,"minecraft:vine":17,"minecraft:stone":146,"minecraft:acacia_leaves":5,"minecraft:flowering_azalea":1,"minecraft:redstone_block":23,"jeg:scrap_ore":30,"minecraft:glass_pane":20,"minecraft:red_wool":3,"minecraft:crafting_table":6,"minecraft:gray_stained_glass":2,"minecraft:tall_grass":15,"minecraft:copper_ore":18,"jeg:deepslate_scrap_ore":11,"jeg:scrap_workbench":1,"minecraft:cobblestone_wall":3,"minecraft:coal_ore":26,"minecraft:cobweb":25,"minecraft:cracked_stone_bricks":5,"minecraft:terracotta":1,"minecraft:acacia_planks":14,"minecraft:stone_bricks":18,"minecraft:mossy_stone_bricks":15,"minecraft:gold_ore":1,"minecraft:fern":2},"minecraft:dropped":{"minecraft:nether_brick_stairs":1,"minecraft:iron_sword":11,"minecraft:moss_block":4,"minecraft:dirt":2,"minecraft:grass":2,"minecraft:white_wool":1,"minecraft:gravel":1,"minecraft:rotten_flesh":1,"minecraft:cooked_mutton":1,"minecraft:melon_seeds":1,"minecraft:azalea":3,"minecraft:iron_bars":4,"minecraft:netherrack":1,"minecraft:wheat_seeds":4,"minecraft:cobblestone":5,"minecraft:granite":1,"minecraft:golden_apple":1,"jeg:custom_smg":1,"iceandfire:silver_sword":2,"minecraft:iron_door":1,"minecraft:flowering_azalea":2,"minecraft:moss_carpet":1,"minecraft:coarse_dirt":2,"minecraft:iron_boots":1,"minecraft:big_dripleaf":6,"iceandfire:copper_sword":2,"jeg:pump_shotgun":1,"jeg:pistol_ammo":21},"minecraft:custom":{"minecraft:interact_with_crafting_table":59,"minecraft:open_barrel":15,"minecraft:leave_game":6,"minecraft:time_since_death":9022,"minecraft:sprint_one_cm":726752,"minecraft:damage_blocked_by_shield":1000,"minecraft:drop":44,"minecraft:play_time":341760,"minecraft:deaths":40,"minecraft:jump":5150,"minecraft:walk_on_water_one_cm":61365,"minecraft:interact_with_furnace":65,"minecraft:sleep_in_bed":20,"minecraft:damage_dealt":25630,"minecraft:player_kills":1,"minecraft:crouch_one_cm":5311,"minecraft:mob_kills":313,"minecraft:interact_with_anvil":6,"minecraft:damage_dealt_resisted":4,"minecraft:climb_one_cm":69433,"minecraft:walk_one_cm":1763133,"minecraft:damage_dealt_absorbed":120,"minecraft:sneak_time":5724,"minecraft:walk_under_water_one_cm":31866,"minecraft:total_world_time":341760,"minecraft:time_since_rest":9049,"minecraft:damage_taken":14310,"minecraft:damage_absorbed":213,"minecraft:trigger_trapped_chest":2,"minecraft:swim_one_cm":127568,"minecraft:fly_one_cm":1406669,"minecraft:open_chest":289,"minecraft:fall_one_cm":113540}},"DataVersion":3465}