{"stats":{"minecraft:custom":{"minecraft:time_since_rest":1643,"minecraft:crouch_one_cm":883,"minecraft:play_time":15175,"minecraft:sprint_one_cm":2212,"minecraft:walk_one_cm":54854,"minecraft:damage_taken":795,"minecraft:deaths":3,"minecraft:sneak_time":294,"minecraft:drop":4,"minecraft:jump":358,"minecraft:damage_dealt":26,"minecraft:time_since_death":3080,"minecraft:total_world_time":15175,"minecraft:fall_one_cm":4205,"minecraft:fly_one_cm":23806},"minecraft:killed_by":{"minecraft:pillager":1},"minecraft:used":{"minecraft:flint_and_steel":2,"minecraft:blackstone":2,"minecraft:obsidian":16},"minecraft:dropped":{"minecraft:blackstone":1,"minecraft:obsidian":1,"tombstone:gift":1,"minecraft:flint_and_steel":1},"minecraft:mined":{"minecraft:grass":2,"minecraft:tall_grass":3}},"DataVersion":3465}