{"stats":{"minecraft:custom":{"minecraft:time_since_rest":4872,"minecraft:sprint_one_cm":7713,"minecraft:damage_taken":1443,"minecraft:walk_one_cm":165930,"minecraft:drop":4,"minecraft:damage_dealt":36,"minecraft:interact_with_crafting_table":7,"minecraft:fly_one_cm":31595,"minecraft:crouch_one_cm":3241,"minecraft:play_time":39175,"minecraft:deaths":5,"minecraft:sneak_time":783,"minecraft:jump":723,"minecraft:time_since_death":5427,"minecraft:total_world_time":39175,"minecraft:fall_one_cm":14792},"minecraft:picked_up":{"minecraft:crafting_table":6,"minecraft:warped_fungus":1,"minecraft:quartz":1,"minecraft:warped_wart_block":3,"minecraft:twisting_vines":1,"minecraft:shroomlight":1,"minecraft:gold_nugget":72,"minecraft:warped_stem":12,"minecraft:warped_roots":9,"minecraft:netherrack":162,"minecraft:crimson_roots":1},"minecraft:killed_by":{"minecraft:pillager":1},"minecraft:used":{"minecraft:wooden_axe":16,"minecraft:flint_and_steel":2,"minecraft:blackstone":2,"minecraft:wooden_pickaxe":191,"minecraft:crimson_roots":1,"minecraft:netherrack":21,"minecraft:crafting_table":6,"minecraft:obsidian":16},"minecraft:broken":{"minecraft:wooden_pickaxe":3},"minecraft:dropped":{"minecraft:blackstone":1,"minecraft:obsidian":1,"tombstone:gift":1,"minecraft:flint_and_steel":1},"minecraft:mined":{"minecraft:nether_gold_ore":19,"minecraft:warped_nylium":42,"minecraft:twisting_vines_plant":1,"minecraft:nether_sprouts":1,"minecraft:warped_fungus":1,"minecraft:crafting_table":6,"minecraft:grass":2,"minecraft:shroomlight":1,"minecraft:warped_roots":3,"minecraft:crimson_roots":1,"minecraft:warped_stem":13,"minecraft:nether_quartz_ore":1,"minecraft:tall_grass":3,"minecraft:netherrack":122,"minecraft:warped_wart_block":3},"minecraft:crafted":{"minecraft:warped_planks":48,"minecraft:wooden_sword":1,"minecraft:crafting_table":1,"minecraft:stick":12,"minecraft:wooden_pickaxe":4,"minecraft:wooden_axe":1,"minecraft:gold_ingot":7,"minecraft:golden_helmet":1}},"DataVersion":3465}