{"stats":{"minecraft:custom":{"minecraft:mob_kills":104,"minecraft:interact_with_crafting_table":117,"minecraft:open_barrel":36,"minecraft:damage_dealt_resisted":189,"minecraft:leave_game":6,"minecraft:time_since_death":40049,"minecraft:climb_one_cm":7908,"minecraft:sprint_one_cm":938619,"minecraft:walk_one_cm":1323242,"minecraft:drop":65,"minecraft:talked_to_villager":2,"minecraft:play_time":376923,"minecraft:sneak_time":4621,"minecraft:deaths":35,"minecraft:walk_under_water_one_cm":7545,"minecraft:jump":4989,"minecraft:walk_on_water_one_cm":10884,"minecraft:total_world_time":376923,"minecraft:interact_with_furnace":146,"tombstone:raider_killed":1,"minecraft:sleep_in_bed":15,"minecraft:time_since_rest":4477,"minecraft:damage_taken":18946,"minecraft:damage_absorbed":245,"minecraft:damage_dealt":20573,"minecraft:player_kills":2,"minecraft:swim_one_cm":62082,"minecraft:fly_one_cm":1097780,"minecraft:open_chest":372,"minecraft:crouch_one_cm":13347,"tombstone:undead_killed":44,"minecraft:fall_one_cm":129049},"minecraft:crafted":{"minecraft:brick":12,"minecraft:wooden_sword":1,"minecraft:oak_planks":148,"botanypots:terracotta_hopper_botany_pot":4,"minecraft:cooked_chicken":18,"minecraft:furnace":2,"ironchest:dirt_chest":1,"minecraft:bone_meal":15,"minecraft:diamond_block":2,"minecraft:terracotta":20,"minecraft:hopper":5,"minecraft:diamond_helmet":3,"minecraft:bow":2,"minecraft:diamond_leggings":3,"minecraft:leather":1,"minecraft:raw_copper":18,"jeg:scrap_workbench":1,"minecraft:stone_pickaxe":2,"ironbows:diamond_bow":1,"minecraft:chest":8,"minecraft:diamond_boots":3,"minecraft:flower_pot":10,"sophisticatedbackpacks:iron_backpack":1,"minecraft:wheat":117,"minecraft:cooked_beef":17,"minecraft:coal_block":1,"iceandfire:silver_ingot":12,"minecraft:diamond_sword":1,"minecraft:cooked_porkchop":7,"minecraft:diamond_axe":2,"minecraft:crafting_table":5,"minecraft:wooden_pickaxe":2,"minecraft:baked_potato":11,"minecraft:bucket":1,"tacz:gun_smith_table":1,"sophisticatedbackpacks:gold_backpack":1,"scalinghealth:heart_crystal":1,"minecraft:air":0,"minecraft:bread":39,"jeg:scrap_block":1,"minecraft:wooden_hoe":1,"minecraft:golden_apple":11,"sophisticatedbackpacks:diamond_backpack":1,"minecraft:stick":64,"minecraft:iron_ingot":125,"minecraft:iron_block":5,"minecraft:stone_sword":1,"minecraft:torch":132,"minecraft:clay":13,"minecraft:diamond_chestplate":2},"minecraft:used":{"minecraft:stone_sword":97,"tacz:gun_smith_table":2,"minecraft:chest":2,"minecraft:iron_sword":56,"minecraft:cooked_chicken":21,"minecraft:rotten_flesh":12,"paraglider:goddess_statue":1,"minecraft:torch":59,"minecraft:dirt":34,"scalinghealth:heart_crystal":5,"minecraft:nether_brick_stairs":1,"minecraft:lava_bucket":1,"minecraft:bow":12,"minecraft:written_book":2,"minecraft:furnace":6,"tombstone:gift":5,"minecraft:cooked_beef":15,"minecraft:cobbled_deepslate":17,"ironchest:dirt_chest":1,"botanypots:terracotta_hopper_botany_pot":8,"minecraft:baked_potato":14,"minecraft:oak_planks":151,"minecraft:stone_pickaxe":64,"minecraft:wooden_pickaxe":17,"minecraft:clay":5,"minecraft:diamond_axe":19,"minecraft:white_wool":1,"minecraft:golden_apple":8,"minecraft:mossy_cobblestone":8,"minecraft:terracotta":1,"minecraft:lime_bed":1,"minecraft:crafting_table":10,"ironbows:diamond_bow":13,"minecraft:wooden_hoe":30,"minecraft:diamond_pickaxe":104,"minecraft:bread":39,"minecraft:iron_pickaxe":68,"jeg:scrap_workbench":1,"minecraft:diamond_sword":386,"minecraft:wooden_sword":11,"minecraft:cobblestone":15,"minecraft:cooked_porkchop":9,"minecraft:cooked_rabbit":2,"minecraft:yellow_bed":4,"minecraft:stripped_oak_log":5,"minecraft:experience_bottle":4},"minecraft:mined":{"minecraft:mossy_cobblestone":8,"minecraft:deepslate_diamond_ore":7,"minecraft:lever":2,"minecraft:grass_block":1,"minecraft:spruce_leaves":8,"tacz:gun_smith_table":1,"minecraft:spawner":27,"minecraft:large_fern":1,"minecraft:hay_block":14,"minecraft:furnace":3,"minecraft:fire":3,"minecraft:cobbled_deepslate":4,"minecraft:andesite":6,"minecraft:nether_brick_stairs":5,"minecraft:mossy_stone_brick_stairs":4,"minecraft:vine":11,"minecraft:stripped_oak_log":3,"minecraft:stone":35,"minecraft:brown_mushroom":3,"jeg:scrap_ore":14,"botanypots:terracotta_hopper_botany_pot":4,"minecraft:quartz_block":5,"minecraft:orange_terracotta":4,"minecraft:clay":5,"minecraft:torch":1,"minecraft:crafting_table":7,"minecraft:copper_ore":11,"minecraft:stone_slab":1,"minecraft:tall_grass":56,"minecraft:cobblestone":15,"minecraft:oak_planks":3,"minecraft:sugar_cane":7,"minecraft:gray_wool":1,"jeg:scrap_workbench":1,"minecraft:yellow_bed":4,"minecraft:grass":88,"minecraft:potted_azure_bluet":1,"minecraft:coal_ore":30,"minecraft:oak_log":41,"minecraft:flower_pot":1,"minecraft:cracked_stone_bricks":3,"minecraft:terracotta":1,"minecraft:stone_bricks":1,"minecraft:netherrack":1,"minecraft:mossy_stone_bricks":6,"minecraft:deepslate":30,"paraglider:goddess_statue":5},"minecraft:picked_up":{"minecraft:crafting_table":4,"minecraft:wheat":3,"minecraft:azure_bluet":2,"minecraft:chainmail_boots":7,"minecraft:chicken":7,"minecraft:clay_ball":36,"minecraft:flower_pot":2,"minecraft:diamond_sword":4,"minecraft:brown_mushroom":3,"minecraft:stone_slab":1,"minecraft:oak_stairs":4,"minecraft:cooked_rabbit":2,"minecraft:enchanted_book":3,"minecraft:potion":4,"minecraft:shield":4,"minecraft:amethyst_block":8,"iceandfire:manuscript":22,"minecraft:string":36,"minecraft:raw_copper":45,"minecraft:iron_leggings":8,"tacz:ammo":28,"minecraft:iron_shovel":6,"minecraft:experience_bottle":34,"minecraft:cracked_stone_bricks":3,"minecraft:diamond_leggings":1,"minecraft:cobbled_deepslate":20,"minecraft:beef":3,"minecraft:redstone_torch":3,"minecraft:iron_nugget":2,"minecraft:iron_pickaxe":6,"minecraft:enchanted_golden_apple":3,"minecraft:sugar_cane":15,"minecraft:coal_block":1,"minecraft:chest":1,"minecraft:furnace":1,"minecraft:raw_iron":70,"minecraft:stick":9,"minecraft:oak_door":1,"minecraft:copper_ingot":20,"minecraft:oak_fence":6,"minecraft:torch":138,"minecraft:bowl":1,"sophisticatedbackpacks:backpack":7,"minecraft:porkchop":11,"tombstone:grave_dust":6,"minecraft:iron_horse_armor":3,"sophisticatedbackpacks:pickup_upgrade":2,"minecraft:stone_sword":9,"minecraft:arrow":29,"minecraft:rotten_flesh":92,"minecraft:diamond_chestplate":4,"minecraft:diamond_boots":1,"minecraft:hay_block":13,"minecraft:white_terracotta":1,"minecraft:brick_stairs":3,"minecraft:mutton":9,"minecraft:white_wool":4,"minecraft:cobblestone":71,"minecraft:stripped_oak_log":3,"minecraft:lime_bed":1,"minecraft:feather":16,"minecraft:cooked_beef":8,"minecraft:andesite":3,"minecraft:leather":8,"minecraft:brown_wool":3,"minecraft:birch_planks":6,"paraglider:spirit_orb":34,"minecraft:flint":30,"scalinghealth:bandages":2,"minecraft:oak_log":43,"minecraft:chainmail_chestplate":6,"jeg:scrap":19,"minecraft:golden_boots":1,"minecraft:yellow_bed":4,"minecraft:gunpowder":42,"minecraft:wooden_hoe":6,"minecraft:lapis_lazuli":63,"minecraft:dirt":106,"minecraft:paper":18,"tombstone:gift":3,"minecraft:orange_terracotta":4,"minecraft:leather_boots":3,"minecraft:bone":1,"minecraft:apple":8,"minecraft:stone_bricks":4,"minecraft:bow":5,"minecraft:wheat_seeds":14,"minecraft:raw_gold":90,"minecraft:stone_pickaxe":2,"minecraft:iron_ingot":15,"minecraft:cooked_chicken":9,"scalinghealth:power_crystal_shard":4,"tombstone:bag_of_seeds":2,"minecraft:mossy_stone_bricks":9,"minecraft:oak_planks":249,"minecraft:iron_sword":7,"jeg:tech_trash":3,"minecraft:mossy_stone_brick_stairs":2,"sophisticatedbackpacks:diamond_backpack":7,"minecraft:dandelion":1,"ironbows:diamond_bow":1,"minecraft:amethyst_shard":34,"minecraft:nether_brick_stairs":5,"minecraft:spider_eye":4,"minecraft:clay":34,"minecraft:diamond":12,"iceandfire:silver_sword":1,"tacz:modern_kinetic_gun":1,"minecraft:lever":5,"minecraft:chainmail_leggings":2,"minecraft:golden_apple":3,"minecraft:gray_wool":1,"minecraft:chainmail_helmet":10,"minecraft:bread":131,"minecraft:terracotta":13,"minecraft:baked_potato":60,"minecraft:oak_sapling":1,"minecraft:bricks":1,"minecraft:coal":34,"minecraft:diamond_pickaxe":5,"minecraft:ender_pearl":15},"minecraft:dropped":{"minecraft:nether_brick_stairs":2,"minecraft:clay":1,"minecraft:iron_sword":3,"minecraft:birch_planks":2,"minecraft:cooked_beef":6,"minecraft:baked_potato":4,"minecraft:chorus_fruit":1,"minecraft:ender_pearl":1,"minecraft:diamond":17,"minecraft:diamond_leggings":2,"minecraft:cobblestone":13,"minecraft:leather":6,"minecraft:mossy_stone_brick_stairs":4,"minecraft:cracked_stone_bricks":1,"minecraft:dirt":1,"minecraft:torch":11,"minecraft:brown_wool":2,"tacz:modern_kinetic_gun":1,"minecraft:string":9,"minecraft:lever":2,"minecraft:stone_sword":2,"minecraft:cobbled_deepslate":3,"minecraft:bowl":1,"minecraft:rotten_flesh":8,"minecraft:oak_planks":34,"minecraft:stone_slab":1,"minecraft:white_terracotta":1,"minecraft:azure_bluet":1,"sophisticatedbackpacks:diamond_backpack":1,"minecraft:diamond_sword":1,"minecraft:shield":1,"minecraft:brick_stairs":2,"minecraft:diamond_chestplate":2,"minecraft:andesite":3,"minecraft:quartz_block":21,"minecraft:leather_boots":3,"minecraft:chainmail_boots":1,"minecraft:stone_bricks":3,"tacz:ammo":30,"minecraft:diamond_boots":2,"minecraft:arrow":1,"minecraft:stone_pickaxe":1},"minecraft:broken":{"minecraft:diamond_helmet":1},"minecraft:killed_by":{"minecraft:zombie_villager":2,"minecraft:player":1,"minecraft:skeleton":1,"minecraft:zombie":10},"minecraft:killed":{"minecraft:cave_spider":5,"hordes:zombie_player":10,"minecraft:spider":14,"minecraft:horse":2,"minecraft:skeleton":10,"minecraft:chicken":18,"tinyallies:zombie":1,"minecraft:pig":1,"minecraft:zombie_villager":7,"minecraft:creeper":4,"minecraft:sheep":4,"minecraft:pillager":1,"minecraft:zombie":14,"minecraft:stray":2,"iceandfire:ice_dragon":2,"minecraft:cow":7}},"DataVersion":3465}