{"stats":{"minecraft:killed":{"minecraft:piglin":2,"minecraft:ghast":1},"minecraft:custom":{"minecraft:time_since_rest":1165,"minecraft:sprint_one_cm":25232,"minecraft:damage_taken":4600,"minecraft:walk_one_cm":262234,"minecraft:mob_kills":3,"minecraft:drop":7,"minecraft:damage_dealt":314,"minecraft:interact_with_crafting_table":12,"minecraft:fly_one_cm":63751,"minecraft:open_chest":4,"minecraft:crouch_one_cm":6114,"minecraft:play_time":63175,"minecraft:deaths":15,"minecraft:sneak_time":1331,"minecraft:jump":1039,"minecraft:time_since_death":1325,"minecraft:total_world_time":63175,"minecraft:fall_one_cm":22688},"minecraft:picked_up":{"minecraft:magma_block":2,"minecraft:crafting_table":10,"minecraft:warped_fungus":1,"minecraft:quartz":1,"minecraft:warped_wart_block":3,"minecraft:polished_blackstone_bricks":14,"minecraft:gilded_blackstone":1,"minecraft:warped_planks":1,"minecraft:leather_boots":1,"minecraft:wooden_sword":1,"minecraft:twisting_vines":1,"minecraft:blackstone":26,"minecraft:shroomlight":1,"minecraft:gold_nugget":109,"minecraft:warped_stem":12,"minecraft:cracked_polished_blackstone_bricks":7,"minecraft:warped_roots":9,"minecraft:ghast_tear":1,"minecraft:netherrack":272,"minecraft:crimson_roots":1},"minecraft:killed_by":{"minecraft:piglin":4,"minecraft:piglin_brute":3,"minecraft:pillager":1,"minecraft:ghast":2},"minecraft:used":{"minecraft:wooden_axe":21,"minecraft:flint_and_steel":2,"minecraft:blackstone":2,"minecraft:wooden_pickaxe":325,"minecraft:crimson_roots":1,"minecraft:netherrack":119,"minecraft:wooden_sword":10,"minecraft:crafting_table":10,"minecraft:crossbow":5,"minecraft:golden_pickaxe":32,"minecraft:obsidian":16},"minecraft:broken":{"minecraft:golden_pickaxe":1,"minecraft:wooden_pickaxe":5},"minecraft:dropped":{"minecraft:blackstone":1,"minecraft:obsidian":1,"tombstone:gift":1,"minecraft:wooden_sword":1,"minecraft:gold_ingot":2,"minecraft:flint_and_steel":1},"minecraft:mined":{"minecraft:polished_blackstone_bricks":14,"minecraft:nether_gold_ore":29,"minecraft:warped_nylium":42,"minecraft:magma_block":2,"minecraft:warped_planks":1,"minecraft:blackstone":26,"minecraft:twisting_vines_plant":1,"minecraft:nether_sprouts":1,"minecraft:fire":4,"minecraft:warped_fungus":1,"minecraft:crafting_table":10,"minecraft:grass":2,"minecraft:shroomlight":1,"minecraft:warped_roots":3,"minecraft:crimson_roots":1,"minecraft:cracked_polished_blackstone_bricks":7,"minecraft:warped_stem":13,"minecraft:nether_quartz_ore":1,"minecraft:tall_grass":3,"minecraft:netherrack":227,"minecraft:gilded_blackstone":1,"minecraft:warped_wart_block":3},"minecraft:crafted":{"minecraft:warped_planks":48,"minecraft:wooden_sword":1,"minecraft:golden_leggings":1,"minecraft:crafting_table":1,"minecraft:stick":20,"minecraft:wooden_pickaxe":6,"minecraft:wooden_axe":1,"minecraft:gold_ingot":13,"minecraft:golden_pickaxe":1,"minecraft:golden_helmet":1}},"DataVersion":3465}