{"stats":{"minecraft:picked_up":{"minecraft:iron_chestplate":17,"minecraft:wheat":12,"minecraft:chainmail_boots":1,"minecraft:redstone_block":4,"minecraft:diamond_sword":3,"minecraft:lead":4,"minecraft:oak_stairs":5,"minecraft:potion":17,"minecraft:enchanted_book":21,"minecraft:stone_brick_stairs":3,"iceandfire:manuscript":36,"minecraft:string":205,"minecraft:raw_copper":120,"minecraft:cooked_salmon":3,"minecraft:iron_leggings":18,"minecraft:armor_stand":3,"minecraft:gold_nugget":102,"minecraft:iron_pickaxe":1,"minecraft:furnace":1,"minecraft:iron_boots":24,"minecraft:diamond_ore":2,"minecraft:golden_helmet":14,"minecraft:tipped_arrow":11,"minecraft:stick":92,"minecraft:torch":492,"minecraft:porkchop":14,"minecraft:cherry_log":2,"minecraft:cauldron":3,"minecraft:quartz_block":14,"minecraft:stone_sword":6,"minecraft:rotten_flesh":354,"minecraft:leather_horse_armor":3,"minecraft:cod":19,"minecraft:iron_bars":45,"minecraft:cobblestone":265,"minecraft:pink_petals":1,"minecraft:leather_chestplate":8,"minecraft:mossy_cobblestone_slab":1,"minecraft:feather":3,"minecraft:cooked_beef":40,"minecraft:cherry_planks":28,"minecraft:potato":1,"paraglider:spirit_orb":268,"minecraft:flint":14,"jeg:scrap":153,"minecraft:dirt":101,"minecraft:lapis_lazuli":162,"minecraft:polished_granite":7,"minecraft:leather_boots":8,"iceandfire:ice_dragon_blood":2,"minecraft:bone":274,"minecraft:bow":19,"minecraft:wheat_seeds":34,"minecraft:mossy_stone_bricks":272,"minecraft:diamond_helmet":3,"minecraft:mossy_stone_brick_stairs":4,"minecraft:oak_planks":1366,"minecraft:cooked_porkchop":24,"minecraft:music_disc_13":2,"minecraft:sand":59,"minecraft:nether_brick_stairs":10,"minecraft:mossy_cobblestone":17,"minecraft:white_candle":2,"minecraft:diamond":11,"minecraft:golden_apple":30,"minecraft:chainmail_helmet":21,"minecraft:emerald":32,"minecraft:netherrack":14,"minecraft:bricks":10,"sophisticatedbackpacks:gold_backpack":8,"minecraft:fishing_rod":6,"minecraft:crafting_table":10,"minecraft:allium":3,"iceandfire:witherbone":2,"minecraft:chicken":4,"minecraft:leather_leggings":7,"minecraft:brown_mushroom":11,"minecraft:shield":29,"minecraft:wooden_sword":8,"minecraft:flint_and_steel":1,"minecraft:compass":1,"minecraft:iron_shovel":18,"minecraft:cracked_stone_bricks":189,"minecraft:beef":6,"iceandfire:dread_shard":14,"minecraft:poppy":2,"minecraft:iron_nugget":103,"minecraft:light_gray_wool":2,"minecraft:sugar_cane":12,"minecraft:chest":18,"minecraft:egg":7,"minecraft:raw_iron":36,"iceandfire:dragonbone":4,"minecraft:polished_deepslate_slab":1,"minecraft:copper_ingot":15,"minecraft:bowl":54,"minecraft:music_disc_mellohi":12,"sophisticatedbackpacks:backpack":6,"minecraft:carrot":5,"minecraft:tnt":42,"minecraft:polished_granite_stairs":4,"iceandfire:silver_ingot":4,"minecraft:arrow":763,"minecraft:cooked_cod":6,"minecraft:nether_bricks":60,"jeg:waterpipe_shotgun":10,"minecraft:gold_ingot":92,"minecraft:brick_stairs":7,"minecraft:mutton":8,"minecraft:white_wool":13,"minecraft:clock":10,"minecraft:salmon":4,"minecraft:leather":12,"minecraft:red_mushroom":3,"minecraft:filled_map":4,"minecraft:granite_stairs":2,"minecraft:oak_log":48,"minecraft:chainmail_chestplate":13,"minecraft:golden_boots":7,"minecraft:gunpowder":75,"minecraft:paper":32,"jeg:grenade":15,"minecraft:cooked_mutton":12,"minecraft:apple":1,"minecraft:stone_bricks":11,"minecraft:heart_of_the_sea":1,"minecraft:iron_ingot":215,"minecraft:stone_pickaxe":28,"minecraft:cooked_chicken":2,"minecraft:cobweb":11,"minecraft:glass_bottle":14,"minecraft:iron_sword":36,"jeg:tech_trash":6,"minecraft:book":48,"minecraft:sweet_berries":72,"minecraft:chiseled_stone_bricks":5,"minecraft:gravel":4,"minecraft:white_bed":12,"minecraft:spider_eye":12,"minecraft:leather_helmet":3,"jeg:handmade_shell":37,"iceandfire:dragon_flute":1,"minecraft:diamond_shovel":12,"minecraft:slime_ball":26,"minecraft:stone_axe":19,"minecraft:chainmail_leggings":5,"minecraft:iron_helmet":3,"minecraft:gray_wool":1,"minecraft:mossy_cobblestone_stairs":5,"minecraft:coal":154,"minecraft:ender_pearl":23},"minecraft:broken":{"minecraft:leather_leggings":2,"minecraft:iron_boots":1,"minecraft:iron_chestplate":1,"minecraft:iron_leggings":1,"minecraft:iron_sword":2,"minecraft:leather_helmet":1,"minecraft:chainmail_leggings":1,"minecraft:stone_sword":2,"minecraft:leather_chestplate":1},"minecraft:used":{"minecraft:polished_granite_stairs":4,"minecraft:chest":7,"minecraft:stone":48,"minecraft:iron_sword":151,"minecraft:rotten_flesh":32,"minecraft:nether_bricks":60,"minecraft:carrot":1,"jeg:grenade":2,"minecraft:obsidian":17,"minecraft:bricks":64,"minecraft:grass_block":117,"minecraft:stone_brick_stairs":1,"minecraft:stone_bricks":1,"minecraft:bow":89,"minecraft:furnace":1,"minecraft:mossy_stone_bricks":45,"minecraft:stone_pickaxe":212,"minecraft:oak_planks":88,"minecraft:wooden_pickaxe":8,"minecraft:golden_apple":6,"minecraft:sand":50,"minecraft:mushroom_stew":2,"minecraft:polished_granite":14,"minecraft:diamond_ore":2,"minecraft:diamond_sword":46,"minecraft:fire_charge":1,"minecraft:wooden_sword":32,"minecraft:oak_boat":1,"jeg:waterpipe_shotgun":10,"minecraft:cobweb":10,"minecraft:experience_bottle":1,"minecraft:netherite_sword":32,"minecraft:iron_bars":2,"minecraft:stone_sword":248,"minecraft:granite_stairs":10,"minecraft:flint_and_steel":3,"minecraft:torch":51,"minecraft:dirt":2,"minecraft:brick_stairs":6,"minecraft:cooked_beef":9,"minecraft:cooked_mutton":10,"minecraft:baked_potato":8,"minecraft:cracked_stone_bricks":49,"minecraft:polished_deepslate_slab":1,"minecraft:mossy_cobblestone":4,"minecraft:crafting_table":10,"minecraft:white_bed":10,"minecraft:diamond_shovel":1,"minecraft:iron_pickaxe":14,"jeg:scrap_workbench":1,"minecraft:stone_axe":104,"minecraft:fishing_rod":6,"minecraft:cobblestone":59,"minecraft:potion":4,"minecraft:cooked_porkchop":12},"minecraft:killed":{"minecraft:cave_spider":1,"minecraft:spider":15,"minecraft:skeleton":44,"minecraft:chicken":3,"minecraft:pig":4,"minecraft:zombie_villager":8,"minecraft:creeper":12,"hordes:drowned_player":1,"minecraft:sheep":6,"minecraft:zombie":27,"minecraft:stray":6,"iceandfire:dread_ghoul":1,"minecraft:cow":3,"hordes:zombie_player":24,"iceandfire:dread_thrall":1,"minecraft:drowned":7,"minecraft:bat":1,"minecraft:wither_skeleton":1},"minecraft:crafted":{"minecraft:oak_planks":124,"minecraft:cooked_mutton":10,"minecraft:iron_boots":1,"minecraft:chest":8,"sophisticatedbackpacks:backpack":1,"minecraft:cooked_porkchop":14,"minecraft:crafting_table":6,"minecraft:wooden_pickaxe":1,"minecraft:baked_potato":2,"minecraft:iron_helmet":1,"minecraft:copper_ingot":6,"minecraft:stick":40,"minecraft:iron_pickaxe":1,"minecraft:iron_ingot":14,"minecraft:stone_sword":3,"minecraft:gold_ingot":2,"minecraft:cherry_planks":8,"minecraft:wooden_sword":1,"minecraft:fishing_rod":2,"minecraft:mushroom_stew":2,"jeg:scrap_workbench":1,"minecraft:stone_pickaxe":2,"sophisticatedbackpacks:iron_backpack":1,"minecraft:cooked_beef":6,"minecraft:diamond_sword":1,"minecraft:iron_sword":1,"sophisticatedbackpacks:gold_backpack":1,"minecraft:air":0,"jeg:scrap_block":1,"minecraft:oak_boat":1,"minecraft:white_wool":1,"minecraft:gold_nugget":9,"minecraft:iron_leggings":1,"minecraft:white_bed":3,"minecraft:torch":44},"minecraft:mined":{"minecraft:white_bed":7,"minecraft:cherry_log":2,"minecraft:grass_block":2,"iceandfire:dread_spawner":1,"minecraft:spawner":39,"minecraft:mossy_cobblestone_slab":1,"minecraft:mossy_cobblestone_stairs":1,"minecraft:iron_ore":6,"minecraft:polished_deepslate_slab":1,"minecraft:iron_bars":4,"minecraft:quartz_block":4,"minecraft:torch":13,"minecraft:cobblestone":35,"minecraft:oak_planks":15,"minecraft:wall_torch":5,"minecraft:pink_petals":1,"minecraft:stone_brick_stairs":1,"minecraft:grass":39,"minecraft:oak_log":21,"minecraft:sand":19,"minecraft:dirt":2,"minecraft:netherrack":1,"minecraft:oak_leaves":4,"minecraft:deepslate":2,"minecraft:diamond_ore":1,"minecraft:mossy_cobblestone":7,"minecraft:deepslate_diamond_ore":2,"minecraft:nether_bricks":4,"minecraft:furnace":1,"minecraft:mossy_stone_brick_stairs":3,"minecraft:vine":10,"minecraft:stone":24,"minecraft:redstone_block":1,"jeg:scrap_ore":15,"minecraft:crafting_table":6,"minecraft:tall_grass":15,"minecraft:copper_ore":5,"jeg:deepslate_scrap_ore":9,"minecraft:ice":1,"minecraft:coal_ore":24,"minecraft:cobweb":11,"minecraft:cracked_stone_bricks":8,"minecraft:stone_bricks":1,"minecraft:mossy_stone_bricks":2},"minecraft:custom":{"minecraft:interact_with_crafting_table":52,"minecraft:open_barrel":2,"minecraft:eat_cake_slice":1,"minecraft:leave_game":4,"minecraft:time_since_death":5417,"minecraft:sprint_one_cm":739841,"minecraft:drop":173,"minecraft:play_time":293432,"minecraft:deaths":34,"minecraft:jump":2901,"minecraft:walk_on_water_one_cm":58388,"minecraft:interact_with_furnace":40,"minecraft:sleep_in_bed":6,"minecraft:damage_dealt":23342,"minecraft:player_kills":16,"minecraft:crouch_one_cm":5774,"minecraft:mob_kills":168,"minecraft:climb_one_cm":9730,"minecraft:walk_one_cm":1025025,"minecraft:sneak_time":3998,"minecraft:walk_under_water_one_cm":23667,"minecraft:boat_one_cm":45002,"minecraft:total_world_time":293432,"minecraft:time_since_rest":5459,"minecraft:damage_taken":15464,"minecraft:damage_absorbed":157,"minecraft:swim_one_cm":48837,"minecraft:fly_one_cm":685895,"minecraft:open_chest":346,"minecraft:fish_caught":5,"minecraft:fall_one_cm":66084},"minecraft:dropped":{"minecraft:nether_brick_stairs":6,"minecraft:iron_sword":8,"minecraft:cooked_beef":40,"minecraft:oak_log":17,"minecraft:glass_bottle":1,"minecraft:cooked_porkchop":26,"minecraft:leather":2,"minecraft:mossy_stone_brick_stairs":1,"jeg:scrap":8,"paraglider:spirit_orb":47,"minecraft:flint":7,"minecraft:dirt":4,"minecraft:gold_nugget":1,"minecraft:sand":10,"minecraft:fishing_rod":3,"minecraft:white_wool":5,"minecraft:gold_ingot":18,"minecraft:bone":4,"minecraft:stone_axe":1,"minecraft:iron_nugget":16,"minecraft:cooked_chicken":2,"minecraft:wheat":4,"minecraft:rotten_flesh":92,"minecraft:oak_planks":217,"minecraft:white_candle":4,"minecraft:diamond_shovel":1,"minecraft:cooked_mutton":12,"minecraft:salmon":1,"minecraft:carrot":2,"minecraft:chainmail_chestplate":5,"minecraft:chiseled_stone_bricks":1,"minecraft:poppy":2,"minecraft:tipped_arrow":2,"minecraft:melon_seeds":6,"minecraft:leather_boots":2,"minecraft:chest":3,"minecraft:chainmail_boots":1,"minecraft:leather_leggings":3,"minecraft:iron_bars":9,"jeg:handmade_shell":4,"minecraft:netherrack":4,"minecraft:golden_boots":2,"minecraft:enchanted_book":4,"minecraft:iron_ingot":43,"minecraft:wheat_seeds":12,"minecraft:golden_helmet":4,"minecraft:tnt":7,"minecraft:mossy_cobblestone":4,"minecraft:cobblestone":103,"minecraft:lead":1,"minecraft:chainmail_helmet":2,"minecraft:coal":63,"minecraft:golden_apple":17,"minecraft:stick":6,"minecraft:mossy_cobblestone_slab":1,"minecraft:leather_horse_armor":1,"minecraft:torch":194,"minecraft:potion":2,"minecraft:oak_stairs":2,"jeg:waterpipe_shotgun":2,"minecraft:mossy_cobblestone_stairs":1,"minecraft:iron_shovel":3,"minecraft:string":33,"minecraft:pink_petals":1,"minecraft:bricks":1,"minecraft:stone_sword":3,"minecraft:iron_boots":2,"sophisticatedbackpacks:backpack":1,"minecraft:diamond_ore":1,"minecraft:shield":4,"minecraft:allium":2,"minecraft:bow":1,"minecraft:stone_pickaxe":2},"minecraft:killed_by":{"minecraft:zombie_villager":1,"minecraft:zombie":7,"minecraft:player":14,"minecraft:skeleton":1}},"DataVersion":3465}