{"stats":{"minecraft:custom":{"minecraft:mob_kills":21,"minecraft:interact_with_crafting_table":17,"minecraft:damage_dealt_resisted":47,"minecraft:time_since_death":1250,"minecraft:climb_one_cm":848,"minecraft:time_since_rest":1071,"minecraft:damage_absorbed":57,"minecraft:damage_taken":11390,"minecraft:sprint_one_cm":197262,"minecraft:walk_one_cm":502178,"minecraft:drop":38,"minecraft:damage_dealt":4031,"tombstone:cast_on_ally":0,"minecraft:fly_one_cm":245823,"minecraft:open_chest":21,"minecraft:crouch_one_cm":16108,"minecraft:play_time":135175,"tombstone:undead_killed":1,"minecraft:deaths":36,"minecraft:sneak_time":3511,"minecraft:jump":2292,"minecraft:total_world_time":135175,"minecraft:fall_one_cm":59524},"minecraft:killed":{"minecraft:magma_cube":1,"minecraft:piglin":4,"minecraft:hoglin":2,"minecraft:skeleton":1,"minecraft:ghast":1,"minecraft:blaze":12},"minecraft:picked_up":{"minecraft:crafting_table":13,"minecraft:magma_block":2,"minecraft:basalt":1,"minecraft:leather_leggings":1,"minecraft:leather":14,"minecraft:crimson_fungus":1,"minecraft:potion":1,"minecraft:gilded_blackstone":1,"minecraft:nether_brick":9,"minecraft:chain":4,"minecraft:golden_sword":1,"minecraft:wooden_sword":1,"minecraft:twisting_vines":1,"minecraft:leather_boots":1,"minecraft:bone":1,"minecraft:shroomlight":1,"minecraft:blackstone":45,"minecraft:gold_nugget":109,"minecraft:warped_stem":12,"minecraft:iron_sword":1,"minecraft:soul_sand":2,"minecraft:cooked_porkchop":8,"minecraft:ghast_tear":1,"minecraft:warped_fungus":1,"sophisticatedbackpacks:backpack":1,"minecraft:warped_wart_block":3,"minecraft:quartz":1,"minecraft:porkchop":7,"minecraft:fire_charge":1,"minecraft:polished_blackstone_bricks":77,"tombstone:grave_dust":2,"minecraft:warped_planks":1,"minecraft:crying_obsidian":7,"minecraft:nether_gold_ore":5,"minecraft:polished_basalt":2,"minecraft:cracked_polished_blackstone_bricks":48,"minecraft:gold_ingot":5,"minecraft:warped_roots":9,"minecraft:blaze_rod":7,"minecraft:netherrack":424,"minecraft:crimson_nylium":3,"minecraft:crimson_roots":2},"minecraft:killed_by":{"minecraft:ghast":2,"minecraft:piglin":7,"minecraft:player":3,"minecraft:wither_skeleton":2,"minecraft:hoglin":2,"minecraft:piglin_brute":6,"minecraft:blaze":2,"minecraft:pillager":1,"minecraft:magma_cube":2},"minecraft:used":{"minecraft:flint_and_steel":2,"minecraft:blackstone":34,"minecraft:wooden_pickaxe":336,"minecraft:iron_sword":70,"minecraft:netherrack":361,"minecraft:polished_blackstone_bricks":26,"tombstone:scroll_of_preservation":3,"minecraft:warped_wart_block":2,"tombstone:scroll_of_feather_fall":1,"minecraft:crafting_table":13,"minecraft:crossbow":18,"minecraft:obsidian":16,"minecraft:wooden_axe":21,"minecraft:diamond_pickaxe":118,"minecraft:cracked_polished_blackstone_bricks":16,"minecraft:iron_pickaxe":163,"tombstone:grave_key":2,"minecraft:crimson_roots":1,"minecraft:wooden_sword":10,"minecraft:magma_block":2,"minecraft:cooked_porkchop":6,"minecraft:golden_pickaxe":32},"minecraft:broken":{"minecraft:golden_helmet":1,"minecraft:golden_boots":1,"minecraft:golden_pickaxe":1,"minecraft:golden_chestplate":1,"minecraft:wooden_pickaxe":5,"minecraft:golden_leggings":1},"minecraft:dropped":{"minecraft:blackstone":1,"minecraft:warped_fungus":1,"minecraft:obsidian":1,"tombstone:gift":1,"minecraft:warped_roots":9,"minecraft:golden_apple":1,"minecraft:stick":3,"minecraft:flint_and_steel":1,"minecraft:shroomlight":1,"minecraft:piglin_banner_pattern":1,"minecraft:leather_leggings":1,"minecraft:chain":4,"minecraft:wooden_sword":2,"minecraft:basalt":1,"minecraft:polished_basalt":2,"minecraft:crying_obsidian":9,"minecraft:netherrack":64,"minecraft:gold_ingot":19},"minecraft:mined":{"minecraft:nether_gold_ore":34,"minecraft:blackstone":45,"minecraft:twisting_vines_plant":1,"minecraft:soul_fire":2,"minecraft:crimson_nylium":5,"minecraft:basalt":1,"minecraft:crafting_table":13,"minecraft:warped_roots":3,"minecraft:crimson_roots":2,"minecraft:cracked_polished_blackstone_bricks":49,"minecraft:nether_quartz_ore":1,"minecraft:tall_grass":3,"minecraft:crimson_fungus":1,"minecraft:polished_blackstone_brick_stairs":1,"minecraft:gilded_blackstone":1,"minecraft:warped_wart_block":3,"minecraft:polished_blackstone_bricks":76,"minecraft:warped_nylium":42,"minecraft:magma_block":2,"minecraft:warped_planks":1,"minecraft:polished_basalt":1,"minecraft:nether_sprouts":1,"minecraft:fire":8,"minecraft:warped_fungus":1,"minecraft:grass":2,"minecraft:shroomlight":1,"minecraft:warped_stem":13,"minecraft:netherrack":378},"minecraft:crafted":{"minecraft:wooden_sword":1,"minecraft:crafting_table":1,"minecraft:wooden_pickaxe":6,"minecraft:iron_helmet":1,"minecraft:iron_sword":1,"minecraft:golden_pickaxe":1,"minecraft:warped_planks":48,"minecraft:iron_boots":1,"minecraft:iron_chestplate":1,"minecraft:golden_leggings":1,"minecraft:stick":24,"minecraft:iron_ingot":18,"minecraft:iron_pickaxe":1,"minecraft:wooden_axe":1,"minecraft:gold_ingot":22,"minecraft:golden_helmet":1}},"DataVersion":3465}