{"stats":{"minecraft:custom":{"minecraft:interact_with_anvil":6,"minecraft:mob_kills":247,"minecraft:interact_with_crafting_table":52,"minecraft:damage_dealt_resisted":4,"minecraft:leave_game":2,"minecraft:time_since_death":56113,"minecraft:climb_one_cm":63851,"minecraft:sprint_one_cm":505333,"minecraft:walk_one_cm":1222324,"minecraft:damage_blocked_by_shield":730,"minecraft:drop":32,"minecraft:play_time":248311,"minecraft:sneak_time":5193,"minecraft:deaths":15,"minecraft:walk_under_water_one_cm":18777,"minecraft:jump":3480,"minecraft:walk_on_water_one_cm":44591,"minecraft:total_world_time":248311,"minecraft:interact_with_furnace":64,"minecraft:sleep_in_bed":16,"minecraft:time_since_rest":19476,"minecraft:damage_taken":6454,"minecraft:damage_absorbed":153,"minecraft:trigger_trapped_chest":2,"minecraft:damage_dealt":15377,"minecraft:player_kills":1,"minecraft:swim_one_cm":78640,"minecraft:fly_one_cm":1018652,"minecraft:open_chest":268,"minecraft:crouch_one_cm":4493,"minecraft:fall_one_cm":78738},"minecraft:picked_up":{"minecraft:cocoa_beans":9,"minecraft:iron_chestplate":3,"spore:mutated_heart":2,"minecraft:coarse_dirt":2,"minecraft:crafting_table":4,"minecraft:anvil":2,"minecraft:wheat":3,"iceandfire:copper_sword":1,"minecraft:clay_ball":84,"minecraft:wooden_pickaxe":3,"minecraft:potion":1,"minecraft:enchanted_book":3,"jeg:scrap_workbench":1,"minecraft:brewing_stand":1,"minecraft:shield":5,"iceandfire:manuscript":18,"minecraft:string":58,"minecraft:red_bed":1,"minecraft:moss_carpet":1,"minecraft:raw_copper":95,"minecraft:red_nether_bricks":1,"spore:corrosive_sack":1,"minecraft:experience_bottle":17,"jeg:revolver":4,"iceandfire:graveyard_soil":1,"minecraft:cracked_stone_bricks":4,"minecraft:diamond_leggings":4,"minecraft:cobbled_deepslate":4,"minecraft:beef":12,"spore:infested_sand":1,"minecraft:azalea":3,"minecraft:iron_pickaxe":2,"minecraft:enchanted_golden_apple":1,"minecraft:chest":4,"minecraft:furnace":2,"minecraft:iron_boots":3,"minecraft:egg":2,"minecraft:sandstone":10,"spore:tumor":2,"minecraft:stick":6,"minecraft:raw_iron":66,"spore:wing_membrane":1,"minecraft:big_dripleaf":7,"jeg:pistol_ammo":77,"minecraft:torch":17,"minecraft:acacia_log":8,"sophisticatedbackpacks:backpack":1,"minecraft:porkchop":8,"minecraft:carrot":11,"minecraft:goat_horn":3,"minecraft:dark_oak_planks":35,"minecraft:orange_bed":1,"minecraft:quartz_block":4,"iceandfire:silver_ingot":1,"minecraft:arrow":50,"minecraft:rotten_flesh":85,"minecraft:diamond_chestplate":4,"minecraft:nether_bricks":43,"minecraft:diamond_boots":4,"paraglider:horned_statue":1,"minecraft:glow_berries":9,"minecraft:mutton":11,"minecraft:iron_bars":20,"minecraft:rail":2,"minecraft:skeleton_skull":1,"minecraft:white_wool":8,"minecraft:cobblestone":155,"minecraft:enchanting_table":1,"minecraft:magma_block":2,"minecraft:feather":5,"minecraft:jungle_log":18,"minecraft:cooked_beef":10,"minecraft:iron_door":1,"minecraft:tripwire_hook":3,"minecraft:brown_wool":3,"minecraft:leather":10,"minecraft:potato":3,"paraglider:spirit_orb":116,"jeg:scrap":82,"minecraft:magenta_bed":1,"minecraft:gunpowder":24,"minecraft:dirt":41,"minecraft:paper":4,"jeg:grenade":2,"minecraft:cooked_mutton":8,"minecraft:bone":33,"minecraft:acacia_planks":44,"minecraft:apple":2,"minecraft:stone_bricks":5,"minecraft:bow":3,"minecraft:wheat_seeds":12,"minecraft:cooked_chicken":3,"minecraft:iron_ingot":8,"minecraft:stone_pickaxe":2,"minecraft:cobweb":9,"spore:mutated_fiber":24,"minecraft:mossy_stone_bricks":12,"minecraft:diamond_helmet":3,"minecraft:moss_block":6,"minecraft:iron_sword":4,"minecraft:flowering_azalea":2,"minecraft:acacia_sapling":1,"minecraft:oak_planks":9,"jeg:tech_trash":14,"minecraft:mossy_stone_brick_stairs":2,"spore:cerebrum":3,"minecraft:cooked_porkchop":2,"minecraft:chiseled_stone_bricks":1,"spore:armor_fragment":6,"minecraft:gravel":1,"minecraft:nether_brick_stairs":2,"minecraft:spider_eye":5,"minecraft:mossy_cobblestone":1,"spore:claw_fragment":4,"minecraft:diamond_shovel":1,"minecraft:stone_axe":5,"jeg:custom_smg":1,"iceandfire:silver_sword":3,"minecraft:iron_helmet":3,"minecraft:terracotta":1,"minecraft:granite":17,"minecraft:melon_seeds":5,"minecraft:grass":2,"minecraft:golden_apple":11,"minecraft:bread":217,"spore:spine_fragment":2,"minecraft:netherrack":1,"minecraft:coal":30,"iceandfire:raw_silver":3},"minecraft:killed":{"hordes:zombie_player":4,"minecraft:spider":4,"minecraft:cod":1,"minecraft:pufferfish":3,"minecraft:skeleton":15,"minecraft:chicken":3,"themutantmobsmod:gigaillager_v_2":1,"spore:spitter":1,"minecraft:tropical_fish":1,"minecraft:pig":6,"spore:inf_player":1,"minecraft:zombie_villager":2,"minecraft:creeper":4,"minecraft:squid":1,"spore:inf_pillager":1,"minecraft:sheep":6,"spore:inf_villager":2,"minecraft:zombie":22,"spore:inf_human":3,"iceandfire:ghost":2,"spore:howler":1,"spore:busser":2,"minecraft:cow":7},"minecraft:killed_by":{"minecraft:player":1,"spore:volatile":1,"spore:inf_villager":1,"minecraft:zombie":1},"minecraft:used":{"minecraft:netherite_sword":8,"iceandfire:silver_sword":135,"minecraft:iron_bars":12,"minecraft:enchanting_table":1,"minecraft:chest":7,"minecraft:shield":15,"minecraft:iron_sword":262,"minecraft:cooked_chicken":3,"jeg:pump_shotgun":4,"jeg:holy_shotgun":123,"minecraft:rotten_flesh":27,"themutantmobsmod:gigaillager_spawn_egg":1,"minecraft:orange_bed":1,"minecraft:torch":28,"minecraft:dirt":8,"minecraft:anvil":2,"minecraft:nether_bricks":6,"minecraft:diamond_helmet":1,"minecraft:acacia_sapling":1,"jeg:grenade":175,"paraglider:horned_statue":1,"minecraft:dark_oak_planks":7,"minecraft:iron_helmet":1,"minecraft:stone_bricks":1,"minecraft:diamond_chestplate":1,"minecraft:magma_block":2,"minecraft:furnace":2,"minecraft:goat_horn":2,"jeg:revolver":64,"jeg:semi_auto_rifle":16,"minecraft:cooked_beef":9,"minecraft:acacia_planks":14,"minecraft:cooked_mutton":2,"minecraft:mossy_stone_bricks":42,"minecraft:diamond_boots":1,"minecraft:stone_pickaxe":169,"minecraft:oak_planks":3,"minecraft:wooden_pickaxe":18,"minecraft:diamond_axe":31,"minecraft:cracked_stone_bricks":4,"minecraft:golden_apple":11,"minecraft:glow_berries":12,"minecraft:mossy_cobblestone":42,"minecraft:crafting_table":5,"minecraft:red_bed":1,"minecraft:magenta_bed":1,"jeg:typhoonee":3,"jeg:bolt_action_rifle":5,"minecraft:diamond_pickaxe":186,"minecraft:bread":33,"minecraft:iron_pickaxe":131,"minecraft:stone_axe":10,"jeg:scrap_workbench":2,"minecraft:cobblestone":28,"minecraft:potion":1,"minecraft:cooked_porkchop":5,"jeg:blossom_rifle":498,"minecraft:diamond_leggings":1,"jeg:molotov_cocktail":5,"minecraft:cobweb":9},"minecraft:dropped":{"minecraft:nether_brick_stairs":1,"minecraft:iron_sword":2,"minecraft:moss_block":4,"minecraft:wheat_seeds":4,"minecraft:cobblestone":5,"minecraft:granite":1,"minecraft:dirt":2,"jeg:custom_smg":1,"minecraft:grass":2,"iceandfire:silver_sword":2,"minecraft:iron_door":1,"minecraft:flowering_azalea":2,"minecraft:white_wool":1,"minecraft:gravel":1,"minecraft:moss_carpet":1,"minecraft:coarse_dirt":2,"minecraft:iron_boots":1,"minecraft:big_dripleaf":6,"iceandfire:copper_sword":2,"minecraft:melon_seeds":1,"minecraft:azalea":3,"jeg:pump_shotgun":1,"minecraft:iron_bars":4,"jeg:pistol_ammo":21,"minecraft:netherrack":1},"minecraft:mined":{"minecraft:dark_oak_planks":4,"iceandfire:graveyard_soil":2,"iceandfire:silver_ore":1,"minecraft:blue_stained_glass_pane":4,"minecraft:mossy_cobblestone":1,"minecraft:jungle_leaves":2,"minecraft:red_nether_bricks":1,"minecraft:brewing_stand":1,"minecraft:gray_stained_glass_pane":2,"minecraft:nether_bricks":13,"minecraft:granite":7,"minecraft:acacia_log":8,"minecraft:grass_block":3,"minecraft:jungle_log":18,"minecraft:white_stained_glass":2,"minecraft:moss_block":5,"minecraft:sandstone":10,"minecraft:chiseled_stone_bricks":1,"minecraft:spawner":43,"minecraft:light_blue_stained_glass":2,"minecraft:magma_block":2,"minecraft:furnace":2,"minecraft:iron_ore":37,"minecraft:anvil":2,"minecraft:nether_brick_stairs":4,"minecraft:enchanting_table":1,"minecraft:mossy_stone_brick_stairs":2,"minecraft:dirt_path":3,"minecraft:vine":17,"minecraft:deepslate_iron_ore":29,"minecraft:iron_bars":23,"minecraft:stone":146,"minecraft:orange_bed":1,"minecraft:acacia_leaves":5,"minecraft:flowering_azalea":1,"minecraft:glass_pane":20,"jeg:scrap_ore":30,"minecraft:quartz_block":6,"minecraft:red_bed":1,"minecraft:clay":5,"minecraft:crafting_table":4,"minecraft:gray_stained_glass":2,"minecraft:chest":4,"minecraft:dead_bush":1,"minecraft:white_stained_glass_pane":2,"minecraft:cobblestone":2,"minecraft:copper_ore":18,"minecraft:tall_grass":14,"minecraft:oak_planks":4,"minecraft:iron_door":1,"minecraft:wall_torch":2,"jeg:deepslate_scrap_ore":10,"jeg:scrap_workbench":1,"paraglider:horned_statue":1,"minecraft:stone_brick_stairs":2,"minecraft:grass":8,"minecraft:coal_ore":23,"minecraft:dirt":16,"minecraft:cobweb":24,"minecraft:terracotta":1,"minecraft:cracked_stone_bricks":4,"minecraft:acacia_planks":14,"minecraft:stone_bricks":5,"minecraft:gold_ore":1,"minecraft:netherrack":1,"minecraft:mossy_stone_bricks":14,"minecraft:oak_leaves":2,"minecraft:deepslate":3,"minecraft:fern":1},"minecraft:broken":{"minecraft:stone_pickaxe":1},"minecraft:crafted":{"minecraft:stone":3,"minecraft:cooked_mutton":2,"minecraft:iron_boots":2,"jeg:scrap_workbench":1,"minecraft:stone_pickaxe":2,"minecraft:chest":5,"minecraft:dark_oak_planks":28,"minecraft:cooked_beef":3,"sophisticatedbackpacks:backpack":1,"minecraft:cauldron":1,"minecraft:cooked_porkchop":5,"minecraft:diamond_axe":1,"minecraft:crafting_table":3,"minecraft:wooden_pickaxe":2,"minecraft:iron_helmet":1,"minecraft:iron_sword":1,"minecraft:copper_ingot":27,"minecraft:stone_axe":1,"minecraft:air":0,"jeg:scrap_block":1,"minecraft:iron_chestplate":1,"minecraft:shield":2,"minecraft:stick":16,"minecraft:iron_ingot":63,"minecraft:iron_pickaxe":1,"spore:plated_muscle":1,"minecraft:iron_leggings":1,"minecraft:stonecutter":1,"minecraft:acacia_planks":32}},"DataVersion":3465}