{"stats":{"minecraft:killed_by":{"minecraft:player":1,"minecraft:zombie":3},"minecraft:mined":{"minecraft:mossy_cobblestone":8,"minecraft:deepslate_diamond_ore":7,"minecraft:lever":2,"minecraft:grass_block":1,"tacz:gun_smith_table":1,"minecraft:spawner":21,"minecraft:hay_block":14,"minecraft:furnace":2,"minecraft:cobbled_deepslate":4,"minecraft:andesite":3,"minecraft:nether_brick_stairs":1,"minecraft:mossy_stone_brick_stairs":4,"minecraft:vine":11,"minecraft:stripped_oak_log":3,"minecraft:stone":32,"botanypots:terracotta_hopper_botany_pot":4,"minecraft:brown_mushroom":3,"jeg:scrap_ore":3,"minecraft:quartz_block":5,"minecraft:orange_terracotta":4,"minecraft:clay":5,"minecraft:torch":1,"minecraft:crafting_table":4,"minecraft:copper_ore":11,"minecraft:stone_slab":1,"minecraft:tall_grass":28,"minecraft:cobblestone":14,"minecraft:oak_planks":3,"minecraft:sugar_cane":7,"minecraft:gray_wool":1,"jeg:scrap_workbench":1,"minecraft:yellow_bed":3,"minecraft:grass":33,"minecraft:potted_azure_bluet":1,"minecraft:coal_ore":18,"minecraft:oak_log":25,"minecraft:flower_pot":1,"minecraft:cracked_stone_bricks":2,"minecraft:terracotta":1,"minecraft:stone_bricks":1,"minecraft:mossy_stone_bricks":6,"minecraft:deepslate":30,"paraglider:goddess_statue":4},"minecraft:crafted":{"minecraft:brick":12,"minecraft:wooden_sword":1,"minecraft:oak_planks":148,"botanypots:terracotta_hopper_botany_pot":4,"minecraft:cooked_chicken":4,"ironchest:dirt_chest":1,"minecraft:bone_meal":15,"minecraft:diamond_block":2,"minecraft:terracotta":20,"minecraft:hopper":5,"minecraft:diamond_helmet":1,"minecraft:bow":1,"minecraft:diamond_leggings":1,"minecraft:leather":1,"minecraft:raw_copper":18,"jeg:scrap_workbench":1,"minecraft:stone_pickaxe":2,"minecraft:chest":8,"minecraft:diamond_boots":1,"minecraft:flower_pot":3,"sophisticatedbackpacks:iron_backpack":1,"minecraft:wheat":117,"minecraft:cooked_beef":5,"minecraft:coal_block":1,"minecraft:diamond_sword":1,"minecraft:cooked_porkchop":5,"minecraft:diamond_axe":1,"minecraft:crafting_table":3,"minecraft:wooden_pickaxe":2,"minecraft:baked_potato":11,"tacz:gun_smith_table":1,"sophisticatedbackpacks:gold_backpack":1,"scalinghealth:heart_crystal":1,"minecraft:air":0,"minecraft:bread":39,"jeg:scrap_block":1,"minecraft:wooden_hoe":1,"sophisticatedbackpacks:diamond_backpack":1,"minecraft:stick":60,"minecraft:iron_ingot":41,"minecraft:iron_block":2,"minecraft:stone_sword":1,"minecraft:torch":132,"minecraft:clay":10},"minecraft:picked_up":{"minecraft:crafting_table":4,"minecraft:azure_bluet":2,"minecraft:chainmail_boots":7,"minecraft:chicken":7,"minecraft:clay_ball":36,"minecraft:flower_pot":2,"minecraft:brown_mushroom":3,"minecraft:stone_slab":1,"minecraft:diamond_sword":3,"minecraft:oak_stairs":4,"minecraft:potion":4,"minecraft:enchanted_book":3,"minecraft:shield":3,"minecraft:amethyst_block":8,"minecraft:string":23,"minecraft:raw_copper":45,"minecraft:iron_leggings":7,"tacz:ammo":16,"minecraft:iron_shovel":6,"minecraft:experience_bottle":34,"minecraft:cracked_stone_bricks":3,"minecraft:cobbled_deepslate":20,"minecraft:beef":3,"minecraft:redstone_torch":3,"minecraft:iron_nugget":2,"minecraft:iron_pickaxe":6,"minecraft:enchanted_golden_apple":3,"minecraft:coal_block":1,"minecraft:sugar_cane":15,"minecraft:chest":1,"minecraft:furnace":1,"minecraft:stick":9,"minecraft:raw_iron":70,"minecraft:oak_door":1,"minecraft:copper_ingot":20,"minecraft:torch":133,"minecraft:bowl":1,"sophisticatedbackpacks:backpack":7,"minecraft:porkchop":9,"tombstone:grave_dust":2,"minecraft:iron_horse_armor":3,"sophisticatedbackpacks:pickup_upgrade":2,"minecraft:stone_sword":9,"minecraft:arrow":27,"minecraft:rotten_flesh":5,"minecraft:diamond_chestplate":3,"minecraft:hay_block":13,"minecraft:white_terracotta":1,"minecraft:brick_stairs":3,"minecraft:mutton":9,"minecraft:white_wool":4,"minecraft:cobblestone":54,"minecraft:stripped_oak_log":3,"minecraft:lime_bed":1,"minecraft:feather":16,"minecraft:cooked_beef":8,"minecraft:andesite":3,"minecraft:leather":8,"minecraft:brown_wool":3,"minecraft:birch_planks":6,"paraglider:spirit_orb":28,"minecraft:flint":30,"minecraft:oak_log":38,"minecraft:chainmail_chestplate":6,"jeg:scrap":19,"minecraft:yellow_bed":3,"minecraft:gunpowder":40,"minecraft:wooden_hoe":6,"minecraft:lapis_lazuli":63,"minecraft:dirt":18,"minecraft:paper":18,"tombstone:gift":3,"minecraft:orange_terracotta":4,"minecraft:leather_boots":3,"minecraft:bone":1,"minecraft:apple":3,"minecraft:stone_bricks":4,"minecraft:bow":5,"minecraft:wheat_seeds":6,"minecraft:raw_gold":90,"minecraft:iron_ingot":15,"minecraft:stone_pickaxe":2,"minecraft:cooked_chicken":3,"scalinghealth:power_crystal_shard":4,"minecraft:mossy_stone_bricks":9,"minecraft:iron_sword":7,"minecraft:oak_planks":249,"jeg:tech_trash":3,"minecraft:mossy_stone_brick_stairs":2,"sophisticatedbackpacks:diamond_backpack":1,"minecraft:dandelion":1,"minecraft:amethyst_shard":34,"minecraft:nether_brick_stairs":1,"minecraft:spider_eye":4,"minecraft:clay":34,"minecraft:diamond":12,"minecraft:lever":5,"minecraft:chainmail_leggings":2,"minecraft:golden_apple":1,"minecraft:gray_wool":1,"minecraft:chainmail_helmet":10,"minecraft:bread":131,"minecraft:terracotta":13,"minecraft:baked_potato":60,"minecraft:oak_sapling":1,"minecraft:bricks":1,"minecraft:coal":34,"minecraft:diamond_pickaxe":4,"minecraft:ender_pearl":15},"minecraft:used":{"minecraft:stone_sword":97,"tacz:gun_smith_table":1,"minecraft:chest":2,"minecraft:iron_sword":56,"minecraft:cooked_chicken":7,"minecraft:torch":59,"minecraft:dirt":34,"scalinghealth:heart_crystal":4,"minecraft:bow":12,"minecraft:written_book":2,"minecraft:furnace":1,"tombstone:gift":5,"minecraft:cooked_beef":3,"minecraft:cobbled_deepslate":17,"ironchest:dirt_chest":1,"botanypots:terracotta_hopper_botany_pot":4,"minecraft:baked_potato":14,"minecraft:oak_planks":149,"minecraft:stone_pickaxe":64,"minecraft:wooden_pickaxe":17,"minecraft:diamond_axe":1,"minecraft:clay":5,"minecraft:white_wool":1,"minecraft:golden_apple":1,"minecraft:mossy_cobblestone":8,"minecraft:terracotta":1,"minecraft:lime_bed":1,"minecraft:crafting_table":6,"minecraft:wooden_hoe":30,"minecraft:diamond_pickaxe":55,"minecraft:bread":39,"minecraft:iron_pickaxe":68,"jeg:scrap_workbench":1,"minecraft:diamond_sword":100,"minecraft:wooden_sword":11,"minecraft:cobblestone":15,"minecraft:cooked_porkchop":7,"minecraft:yellow_bed":3,"minecraft:stripped_oak_log":5,"minecraft:experience_bottle":4},"minecraft:killed":{"minecraft:cave_spider":4,"hordes:zombie_player":7,"minecraft:spider":14,"minecraft:skeleton":9,"minecraft:horse":2,"minecraft:chicken":10,"tinyallies:zombie":1,"minecraft:zombie_villager":4,"minecraft:creeper":2,"minecraft:sheep":4,"minecraft:zombie":10,"minecraft:stray":1,"minecraft:cow":1},"minecraft:custom":{"minecraft:mob_kills":71,"minecraft:interact_with_crafting_table":81,"minecraft:open_barrel":36,"minecraft:damage_dealt_resisted":189,"minecraft:leave_game":2,"minecraft:time_since_death":4039,"minecraft:climb_one_cm":4340,"minecraft:sprint_one_cm":545265,"minecraft:walk_one_cm":760826,"minecraft:drop":57,"minecraft:talked_to_villager":2,"minecraft:play_time":200407,"minecraft:sneak_time":3488,"minecraft:deaths":14,"minecraft:walk_under_water_one_cm":4676,"minecraft:jump":2000,"minecraft:walk_on_water_one_cm":5945,"minecraft:total_world_time":200407,"minecraft:interact_with_furnace":66,"minecraft:sleep_in_bed":5,"minecraft:time_since_rest":1640,"minecraft:damage_taken":8238,"minecraft:damage_dealt":11004,"minecraft:player_kills":1,"minecraft:swim_one_cm":42681,"minecraft:fly_one_cm":419864,"minecraft:open_chest":262,"minecraft:crouch_one_cm":10931,"tombstone:undead_killed":32,"minecraft:fall_one_cm":48787},"minecraft:dropped":{"minecraft:nether_brick_stairs":2,"minecraft:clay":1,"minecraft:iron_sword":3,"minecraft:birch_planks":2,"minecraft:cooked_beef":6,"minecraft:baked_potato":4,"minecraft:ender_pearl":1,"minecraft:diamond":17,"minecraft:diamond_leggings":1,"minecraft:cobblestone":6,"minecraft:leather":6,"minecraft:mossy_stone_brick_stairs":4,"minecraft:dirt":1,"minecraft:torch":11,"minecraft:brown_wool":2,"tacz:modern_kinetic_gun":1,"minecraft:string":9,"minecraft:lever":2,"minecraft:cobbled_deepslate":3,"minecraft:stone_sword":2,"minecraft:bowl":1,"minecraft:rotten_flesh":8,"minecraft:oak_planks":34,"minecraft:stone_slab":1,"minecraft:white_terracotta":1,"minecraft:azure_bluet":1,"minecraft:diamond_sword":1,"minecraft:shield":1,"minecraft:brick_stairs":2,"minecraft:diamond_chestplate":1,"minecraft:andesite":3,"minecraft:quartz_block":21,"minecraft:leather_boots":2,"minecraft:chainmail_boots":1,"minecraft:stone_bricks":3,"tacz:ammo":30,"minecraft:diamond_boots":1,"minecraft:arrow":1,"minecraft:stone_pickaxe":1}},"DataVersion":3465}