{"stats":{"minecraft:killed":{"minecraft:spider":1,"minecraft:skeleton":4,"minecraft:chicken":4,"minecraft:magma_cube":1,"minecraft:piglin":5,"minecraft:pig":2,"minecraft:hoglin":2,"minecraft:zombie":4,"minecraft:ghast":1,"minecraft:blaze":22,"minecraft:enderman":21},"minecraft:custom":{"minecraft:mob_kills":68,"minecraft:interact_with_crafting_table":32,"minecraft:damage_dealt_resisted":47,"minecraft:leave_game":1,"minecraft:time_since_death":17628,"minecraft:climb_one_cm":7741,"minecraft:sprint_one_cm":445217,"minecraft:walk_one_cm":788277,"minecraft:drop":62,"minecraft:play_time":223065,"minecraft:deaths":55,"minecraft:sneak_time":3787,"minecraft:walk_under_water_one_cm":4890,"minecraft:boat_one_cm":46556,"minecraft:jump":3372,"minecraft:walk_on_water_one_cm":15398,"minecraft:total_world_time":223065,"minecraft:interact_with_furnace":23,"minecraft:time_since_rest":17398,"minecraft:damage_taken":17230,"minecraft:damage_absorbed":57,"minecraft:damage_dealt":15051,"tombstone:cast_on_ally":0,"minecraft:player_kills":1,"minecraft:swim_one_cm":19750,"minecraft:fly_one_cm":383918,"minecraft:open_chest":35,"minecraft:crouch_one_cm":17168,"tombstone:undead_killed":8,"minecraft:fall_one_cm":85010},"minecraft:picked_up":{"minecraft:crafting_table":16,"minecraft:chicken":4,"minecraft:leather_leggings":1,"minecraft:potion":1,"minecraft:gilded_blackstone":1,"minecraft:nether_brick":9,"minecraft:chain":4,"minecraft:golden_sword":1,"minecraft:string":27,"minecraft:wooden_sword":1,"minecraft:shroomlight":1,"minecraft:blackstone":45,"minecraft:cracked_stone_bricks":2,"minecraft:diamond_leggings":1,"minecraft:gold_nugget":109,"minecraft:cobbled_deepslate":3,"minecraft:furnace":2,"minecraft:stone":52,"sophisticatedbackpacks:backpack":1,"minecraft:fire_charge":1,"minecraft:porkchop":10,"minecraft:polished_blackstone_bricks":77,"tombstone:grave_dust":3,"minecraft:warped_planks":1,"minecraft:nether_gold_ore":5,"minecraft:arrow":3,"minecraft:nether_bricks":1,"minecraft:polished_basalt":2,"minecraft:gold_ingot":5,"minecraft:blaze_rod":10,"minecraft:cobblestone":8,"minecraft:magma_block":2,"minecraft:jungle_boat":1,"minecraft:basalt":2,"minecraft:andesite":3,"minecraft:iron_door":6,"minecraft:jungle_log":8,"minecraft:leather":14,"minecraft:crimson_fungus":1,"minecraft:dirt":8,"minecraft:twisting_vines":1,"minecraft:leather_boots":1,"minecraft:bone":2,"minecraft:stone_bricks":8,"minecraft:wheat_seeds":1,"minecraft:warped_stem":13,"minecraft:iron_ore":11,"minecraft:mossy_stone_bricks":3,"minecraft:iron_sword":1,"minecraft:soul_sand":2,"minecraft:ghast_tear":1,"minecraft:warped_fungus":1,"minecraft:cooked_porkchop":8,"minecraft:warped_wart_block":8,"minecraft:quartz":1,"minecraft:crying_obsidian":7,"minecraft:bundle":1,"minecraft:cracked_polished_blackstone_bricks":48,"minecraft:granite":4,"minecraft:warped_roots":29,"minecraft:netherrack":531,"minecraft:warped_nylium":9,"minecraft:crimson_nylium":3,"minecraft:crimson_roots":2,"minecraft:ender_pearl":11},"minecraft:killed_by":{"minecraft:ghast":2,"minecraft:player":8,"minecraft:wither_skeleton":2,"minecraft:piglin_brute":6,"minecraft:pillager":1,"minecraft:enderman":4,"minecraft:magma_cube":2,"minecraft:piglin":9,"minecraft:hoglin":2,"minecraft:skeleton":1,"minecraft:blaze":5,"minecraft:witch":1,"minecraft:zombie":1},"minecraft:used":{"minecraft:flint_and_steel":3,"minecraft:stone":30,"minecraft:iron_sword":210,"minecraft:cooked_chicken":1,"minecraft:netherrack":486,"tombstone:scroll_of_preservation":3,"minecraft:warped_wart_block":2,"minecraft:jungle_planks":3,"minecraft:obsidian":17,"minecraft:wooden_axe":31,"minecraft:warped_nylium":8,"minecraft:crimson_roots":1,"minecraft:stone_bricks":5,"minecraft:magma_block":2,"minecraft:furnace":1,"minecraft:blackstone":47,"minecraft:wooden_pickaxe":338,"minecraft:cracked_stone_bricks":2,"minecraft:polished_blackstone_bricks":26,"tombstone:scroll_of_feather_fall":1,"minecraft:crafting_table":16,"minecraft:crossbow":18,"minecraft:ender_eye":2,"minecraft:diamond_pickaxe":297,"minecraft:cracked_polished_blackstone_bricks":16,"minecraft:iron_pickaxe":249,"tombstone:magic_scroll":1,"tombstone:grave_key":18,"minecraft:diamond_sword":124,"minecraft:wooden_sword":10,"minecraft:cobblestone":7,"minecraft:cooked_porkchop":12,"minecraft:golden_pickaxe":50},"minecraft:broken":{"minecraft:golden_helmet":1,"minecraft:golden_boots":1,"minecraft:wooden_pickaxe":5,"minecraft:golden_leggings":2,"minecraft:iron_pickaxe":1,"minecraft:iron_helmet":1,"minecraft:golden_pickaxe":1,"minecraft:golden_chestplate":1},"minecraft:mined":{"minecraft:nether_gold_ore":34,"minecraft:granite":4,"minecraft:nether_bricks":3,"minecraft:grass_block":4,"minecraft:jungle_log":8,"minecraft:crimson_roots":2,"minecraft:cracked_polished_blackstone_bricks":49,"minecraft:crimson_fungus":1,"minecraft:gilded_blackstone":1,"minecraft:polished_blackstone_bricks":76,"minecraft:magma_block":2,"minecraft:furnace":2,"minecraft:iron_ore":8,"minecraft:polished_basalt":1,"minecraft:nether_sprouts":2,"minecraft:fire":16,"minecraft:andesite":13,"minecraft:shroomlight":1,"minecraft:vine":7,"minecraft:warped_stem":14,"minecraft:stone":95,"minecraft:blackstone":46,"minecraft:twisting_vines_plant":1,"minecraft:crimson_nylium":5,"minecraft:soul_fire":2,"minecraft:basalt":3,"minecraft:crafting_table":16,"minecraft:warped_roots":13,"minecraft:nether_quartz_ore":1,"minecraft:tall_grass":3,"minecraft:cobblestone":3,"minecraft:polished_blackstone_brick_stairs":1,"minecraft:iron_door":3,"minecraft:warped_wart_block":8,"minecraft:warped_nylium":76,"minecraft:warped_planks":1,"minecraft:warped_fungus":1,"minecraft:grass":8,"minecraft:dirt":11,"minecraft:cobweb":29,"minecraft:cracked_stone_bricks":3,"minecraft:stone_bricks":14,"minecraft:netherrack":453,"minecraft:mossy_stone_bricks":4,"minecraft:oak_leaves":1,"minecraft:deepslate":1},"minecraft:dropped":{"minecraft:golden_boots":1,"minecraft:iron_ingot":3,"minecraft:warped_fungus":1,"minecraft:cobblestone":1,"minecraft:warped_roots":30,"minecraft:golden_apple":1,"minecraft:stick":3,"minecraft:dirt":8,"minecraft:nether_gold_ore":5,"minecraft:crimson_roots":1,"minecraft:iron_door":3,"tombstone:grave_dust":2,"minecraft:chain":8,"minecraft:wooden_sword":2,"minecraft:polished_blackstone_bricks":1,"minecraft:polished_basalt":2,"minecraft:gold_ingot":19,"minecraft:blackstone":1,"minecraft:warped_nylium":1,"minecraft:cobbled_deepslate":3,"minecraft:nether_brick":9,"minecraft:obsidian":1,"tombstone:gift":1,"minecraft:nether_bricks":1,"minecraft:flint_and_steel":1,"minecraft:shroomlight":1,"minecraft:piglin_banner_pattern":1,"minecraft:golden_sword":1,"minecraft:leather_leggings":1,"minecraft:basalt":2,"minecraft:wooden_pickaxe":1,"minecraft:warped_wart_block":5,"minecraft:crying_obsidian":9,"minecraft:quartz":17,"minecraft:netherrack":64},"minecraft:crafted":{"minecraft:wooden_sword":1,"minecraft:golden_chestplate":1,"minecraft:blaze_powder":20,"minecraft:cooked_chicken":4,"minecraft:warped_planks":52,"minecraft:iron_boots":1,"minecraft:ender_eye":12,"minecraft:golden_helmet":2,"minecraft:diamond_sword":1,"minecraft:cooked_porkchop":2,"minecraft:crafting_table":1,"minecraft:jungle_boat":1,"minecraft:wooden_pickaxe":6,"minecraft:iron_helmet":1,"minecraft:iron_sword":1,"minecraft:golden_pickaxe":2,"minecraft:bucket":2,"minecraft:air":0,"minecraft:jungle_planks":8,"minecraft:iron_chestplate":1,"minecraft:golden_leggings":1,"minecraft:shield":1,"minecraft:stick":32,"minecraft:iron_ingot":23,"minecraft:iron_pickaxe":1,"minecraft:wooden_axe":1,"minecraft:gold_ingot":22}},"DataVersion":3465}