{"stats":{"minecraft:picked_up":{"minecraft:iron_chestplate":17,"minecraft:crafting_table":7,"minecraft:wheat":12,"minecraft:chicken":4,"minecraft:redstone_block":4,"minecraft:chainmail_boots":1,"iceandfire:witherbone":2,"minecraft:leather_leggings":7,"minecraft:brown_mushroom":11,"minecraft:lead":4,"minecraft:oak_stairs":5,"minecraft:enchanted_book":18,"minecraft:potion":12,"minecraft:stone_brick_stairs":3,"minecraft:shield":24,"minecraft:string":125,"minecraft:cooked_salmon":3,"minecraft:raw_copper":120,"minecraft:wooden_sword":4,"minecraft:iron_leggings":13,"minecraft:compass":1,"minecraft:iron_shovel":12,"minecraft:cracked_stone_bricks":189,"minecraft:gold_nugget":83,"minecraft:beef":6,"minecraft:chest":6,"minecraft:iron_nugget":88,"minecraft:poppy":2,"minecraft:light_gray_wool":2,"minecraft:egg":7,"minecraft:sugar_cane":12,"minecraft:iron_boots":19,"minecraft:furnace":1,"minecraft:tipped_arrow":11,"minecraft:golden_helmet":9,"minecraft:raw_iron":36,"minecraft:stick":88,"minecraft:polished_deepslate_slab":1,"minecraft:copper_ingot":15,"minecraft:music_disc_mellohi":7,"minecraft:torch":492,"minecraft:bowl":54,"sophisticatedbackpacks:backpack":6,"minecraft:porkchop":14,"minecraft:cherry_log":2,"minecraft:carrot":5,"minecraft:cauldron":3,"minecraft:tnt":17,"minecraft:quartz_block":14,"minecraft:polished_granite_stairs":4,"minecraft:stone_sword":6,"minecraft:arrow":558,"minecraft:rotten_flesh":289,"minecraft:nether_bricks":60,"jeg:waterpipe_shotgun":6,"minecraft:gold_ingot":47,"minecraft:brick_stairs":7,"minecraft:leather_horse_armor":2,"minecraft:mutton":8,"minecraft:iron_bars":45,"minecraft:white_wool":3,"minecraft:cobblestone":265,"minecraft:pink_petals":1,"minecraft:mossy_cobblestone_slab":1,"minecraft:leather_chestplate":8,"minecraft:clock":6,"minecraft:feather":3,"minecraft:cooked_beef":40,"minecraft:cherry_planks":28,"minecraft:leather":12,"minecraft:red_mushroom":3,"minecraft:potato":1,"minecraft:flint":11,"paraglider:spirit_orb":265,"minecraft:granite_stairs":2,"minecraft:oak_log":48,"minecraft:chainmail_chestplate":8,"jeg:scrap":61,"minecraft:golden_boots":7,"minecraft:gunpowder":75,"minecraft:lapis_lazuli":112,"minecraft:dirt":101,"minecraft:paper":32,"minecraft:polished_granite":7,"jeg:grenade":15,"minecraft:cooked_mutton":12,"minecraft:leather_boots":8,"minecraft:bone":268,"minecraft:apple":1,"minecraft:stone_bricks":11,"minecraft:bow":17,"minecraft:wheat_seeds":34,"minecraft:iron_ingot":153,"minecraft:stone_pickaxe":23,"minecraft:cooked_chicken":2,"minecraft:cobweb":10,"minecraft:mossy_stone_bricks":272,"minecraft:glass_bottle":14,"minecraft:oak_planks":1000,"minecraft:iron_sword":33,"jeg:tech_trash":6,"minecraft:mossy_stone_brick_stairs":4,"minecraft:book":24,"minecraft:cooked_porkchop":24,"minecraft:music_disc_13":2,"minecraft:sweet_berries":72,"minecraft:chiseled_stone_bricks":5,"minecraft:gravel":4,"minecraft:sand":1,"minecraft:nether_brick_stairs":10,"minecraft:white_bed":5,"minecraft:spider_eye":12,"minecraft:mossy_cobblestone":17,"minecraft:leather_helmet":3,"jeg:handmade_shell":27,"minecraft:white_candle":2,"minecraft:diamond_shovel":7,"minecraft:slime_ball":26,"minecraft:diamond":2,"minecraft:stone_axe":19,"minecraft:chainmail_leggings":5,"minecraft:iron_helmet":3,"minecraft:mossy_cobblestone_stairs":5,"minecraft:golden_apple":16,"minecraft:gray_wool":1,"minecraft:chainmail_helmet":17,"minecraft:netherrack":14,"minecraft:bricks":10,"minecraft:coal":154,"sophisticatedbackpacks:gold_backpack":3,"minecraft:ender_pearl":23},"minecraft:broken":{"minecraft:leather_helmet":1,"minecraft:chainmail_leggings":1,"minecraft:stone_sword":2,"minecraft:leather_leggings":2,"minecraft:iron_boots":1,"minecraft:iron_chestplate":1,"minecraft:iron_leggings":1,"minecraft:leather_chestplate":1},"minecraft:used":{"minecraft:netherite_sword":32,"minecraft:stone_sword":248,"minecraft:iron_bars":2,"minecraft:polished_granite_stairs":4,"minecraft:granite_stairs":10,"minecraft:chest":7,"minecraft:stone":48,"minecraft:iron_sword":141,"minecraft:rotten_flesh":19,"minecraft:torch":51,"minecraft:dirt":2,"minecraft:nether_bricks":60,"minecraft:carrot":1,"minecraft:obsidian":1,"jeg:grenade":2,"minecraft:bricks":64,"minecraft:grass_block":117,"minecraft:brick_stairs":6,"minecraft:stone_brick_stairs":1,"minecraft:stone_bricks":1,"minecraft:bow":89,"minecraft:furnace":1,"minecraft:cooked_beef":9,"minecraft:cooked_mutton":10,"minecraft:mossy_stone_bricks":45,"minecraft:baked_potato":8,"minecraft:oak_planks":83,"minecraft:stone_pickaxe":209,"minecraft:wooden_pickaxe":8,"minecraft:golden_apple":5,"minecraft:cracked_stone_bricks":49,"minecraft:mossy_cobblestone":4,"minecraft:polished_deepslate_slab":1,"minecraft:crafting_table":6,"minecraft:mushroom_stew":2,"minecraft:white_bed":6,"minecraft:diamond_shovel":1,"minecraft:polished_granite":14,"jeg:scrap_workbench":1,"minecraft:stone_axe":104,"minecraft:fire_charge":1,"minecraft:cobblestone":53,"minecraft:wooden_sword":30,"minecraft:potion":3,"minecraft:cooked_porkchop":12,"minecraft:oak_boat":1,"jeg:waterpipe_shotgun":7,"minecraft:experience_bottle":1,"minecraft:cobweb":6},"minecraft:killed":{"minecraft:cave_spider":1,"hordes:zombie_player":23,"minecraft:spider":13,"minecraft:skeleton":41,"minecraft:chicken":3,"minecraft:drowned":5,"minecraft:pig":4,"minecraft:zombie_villager":8,"minecraft:bat":1,"minecraft:creeper":12,"minecraft:sheep":6,"minecraft:zombie":20,"minecraft:stray":6,"minecraft:wither_skeleton":1,"minecraft:cow":3},"minecraft:crafted":{"minecraft:cherry_planks":8,"minecraft:wooden_sword":1,"minecraft:oak_planks":124,"minecraft:mushroom_stew":2,"minecraft:cooked_mutton":10,"minecraft:iron_boots":1,"jeg:scrap_workbench":1,"minecraft:stone_pickaxe":2,"minecraft:chest":8,"sophisticatedbackpacks:iron_backpack":1,"minecraft:cooked_beef":6,"sophisticatedbackpacks:backpack":1,"minecraft:cooked_porkchop":14,"minecraft:crafting_table":4,"minecraft:iron_helmet":1,"minecraft:wooden_pickaxe":1,"minecraft:baked_potato":2,"minecraft:iron_sword":1,"minecraft:copper_ingot":6,"sophisticatedbackpacks:gold_backpack":1,"minecraft:air":0,"jeg:scrap_block":1,"minecraft:oak_boat":1,"minecraft:gold_nugget":9,"minecraft:stick":28,"minecraft:iron_ingot":14,"minecraft:stone_sword":3,"minecraft:iron_leggings":1,"minecraft:gold_ingot":2,"minecraft:white_bed":1,"minecraft:torch":44},"minecraft:mined":{"minecraft:white_bed":4,"minecraft:mossy_cobblestone":7,"minecraft:cherry_log":2,"minecraft:nether_bricks":4,"minecraft:grass_block":2,"minecraft:spawner":39,"minecraft:mossy_cobblestone_slab":1,"minecraft:furnace":1,"minecraft:mossy_cobblestone_stairs":1,"minecraft:iron_ore":6,"minecraft:mossy_stone_brick_stairs":3,"minecraft:vine":10,"minecraft:polished_deepslate_slab":1,"minecraft:iron_bars":4,"minecraft:stone":24,"minecraft:redstone_block":1,"jeg:scrap_ore":15,"minecraft:quartz_block":4,"minecraft:torch":13,"minecraft:crafting_table":5,"minecraft:copper_ore":5,"minecraft:tall_grass":15,"minecraft:cobblestone":34,"minecraft:oak_planks":15,"minecraft:wall_torch":5,"minecraft:pink_petals":1,"minecraft:stone_brick_stairs":1,"minecraft:grass":39,"minecraft:coal_ore":24,"minecraft:oak_log":21,"minecraft:sand":1,"minecraft:dirt":2,"minecraft:cobweb":7,"minecraft:cracked_stone_bricks":8,"minecraft:stone_bricks":1,"minecraft:netherrack":1,"minecraft:mossy_stone_bricks":2,"minecraft:oak_leaves":4},"minecraft:custom":{"minecraft:mob_kills":149,"minecraft:interact_with_crafting_table":42,"minecraft:eat_cake_slice":1,"minecraft:leave_game":4,"minecraft:time_since_death":1435,"minecraft:climb_one_cm":9673,"minecraft:sprint_one_cm":616626,"minecraft:walk_one_cm":903621,"minecraft:drop":138,"minecraft:play_time":245432,"minecraft:sneak_time":2735,"minecraft:deaths":26,"minecraft:walk_under_water_one_cm":17943,"minecraft:boat_one_cm":37358,"minecraft:jump":1942,"minecraft:walk_on_water_one_cm":27753,"minecraft:total_world_time":245432,"minecraft:interact_with_furnace":40,"minecraft:sleep_in_bed":6,"minecraft:time_since_rest":1459,"minecraft:damage_taken":12572,"minecraft:damage_absorbed":117,"minecraft:damage_dealt":20020,"minecraft:player_kills":15,"minecraft:swim_one_cm":42833,"minecraft:fly_one_cm":442453,"minecraft:open_chest":337,"minecraft:crouch_one_cm":3862,"minecraft:fall_one_cm":37712},"minecraft:dropped":{"minecraft:nether_brick_stairs":6,"minecraft:enchanted_book":4,"minecraft:iron_sword":7,"minecraft:wheat_seeds":12,"minecraft:golden_helmet":4,"minecraft:cooked_beef":40,"minecraft:oak_log":17,"minecraft:tnt":7,"minecraft:mossy_cobblestone":4,"minecraft:cooked_porkchop":26,"minecraft:lead":1,"minecraft:cobblestone":103,"minecraft:leather":2,"minecraft:mossy_stone_brick_stairs":1,"jeg:scrap":8,"minecraft:golden_apple":4,"minecraft:chainmail_helmet":1,"minecraft:coal":63,"minecraft:flint":7,"paraglider:spirit_orb":47,"minecraft:stick":4,"minecraft:dirt":4,"minecraft:mossy_cobblestone_slab":1,"minecraft:torch":194,"minecraft:potion":2,"jeg:waterpipe_shotgun":2,"minecraft:oak_stairs":2,"minecraft:gold_nugget":1,"minecraft:mossy_cobblestone_stairs":1,"minecraft:iron_shovel":2,"minecraft:string":33,"minecraft:pink_petals":1,"minecraft:gold_ingot":18,"minecraft:bone":4,"minecraft:bricks":1,"minecraft:stone_axe":1,"minecraft:iron_nugget":16,"minecraft:cooked_chicken":2,"minecraft:stone_sword":3,"minecraft:wheat":4,"minecraft:rotten_flesh":92,"minecraft:oak_planks":217,"minecraft:iron_boots":2,"minecraft:white_candle":4,"minecraft:diamond_shovel":1,"sophisticatedbackpacks:backpack":1,"minecraft:cooked_mutton":12,"minecraft:carrot":2,"minecraft:chainmail_chestplate":4,"minecraft:chiseled_stone_bricks":1,"minecraft:poppy":2,"minecraft:tipped_arrow":2,"minecraft:shield":4,"minecraft:melon_seeds":6,"minecraft:chainmail_boots":1,"minecraft:leather_leggings":3,"minecraft:iron_bars":9,"minecraft:bow":1,"minecraft:stone_pickaxe":2,"jeg:handmade_shell":4,"minecraft:netherrack":4,"minecraft:golden_boots":1,"minecraft:iron_ingot":43},"minecraft:killed_by":{"minecraft:zombie_villager":1,"minecraft:player":13,"minecraft:skeleton":1,"minecraft:zombie":4}},"DataVersion":3465}