{"stats":{"minecraft:used":{"minecraft:netherite_sword":8,"iceandfire:silver_sword":135,"minecraft:iron_bars":12,"minecraft:enchanting_table":1,"minecraft:chest":7,"minecraft:shield":20,"minecraft:iron_sword":358,"jeg:pump_shotgun":4,"jeg:holy_shotgun":123,"minecraft:cooked_chicken":3,"themutantmobsmod:gigaillager_spawn_egg":1,"minecraft:rotten_flesh":27,"minecraft:orange_bed":1,"minecraft:torch":28,"minecraft:anvil":2,"minecraft:dirt":8,"minecraft:nether_bricks":6,"minecraft:diamond_helmet":2,"minecraft:acacia_sapling":1,"jeg:grenade":175,"paraglider:horned_statue":1,"minecraft:dark_oak_planks":7,"minecraft:iron_helmet":1,"minecraft:stone_bricks":1,"minecraft:diamond_chestplate":2,"minecraft:magma_block":2,"minecraft:goat_horn":2,"minecraft:furnace":2,"jeg:revolver":64,"jeg:semi_auto_rifle":16,"minecraft:cooked_beef":9,"minecraft:acacia_planks":14,"minecraft:cooked_mutton":10,"minecraft:diamond_boots":2,"minecraft:mossy_stone_bricks":42,"minecraft:stone_pickaxe":169,"minecraft:oak_planks":3,"minecraft:wooden_pickaxe":18,"minecraft:diamond_axe":31,"minecraft:polished_blackstone_bricks":1,"minecraft:cracked_stone_bricks":4,"minecraft:golden_apple":14,"minecraft:glow_berries":12,"minecraft:mossy_cobblestone":42,"minecraft:crafting_table":5,"minecraft:red_bed":1,"minecraft:magenta_bed":1,"jeg:typhoonee":3,"jeg:bolt_action_rifle":5,"minecraft:diamond_pickaxe":232,"minecraft:bread":39,"minecraft:brown_wool":1,"minecraft:iron_pickaxe":132,"jeg:scrap_workbench":2,"minecraft:stone_axe":10,"minecraft:cobblestone":28,"minecraft:potion":1,"minecraft:cooked_porkchop":14,"minecraft:diamond_leggings":2,"jeg:blossom_rifle":498,"jeg:molotov_cocktail":5,"minecraft:cobweb":9},"minecraft:crafted":{"minecraft:redstone":135,"minecraft:stone":3,"minecraft:cooked_mutton":2,"minecraft:iron_boots":2,"jeg:scrap_workbench":1,"minecraft:stone_pickaxe":2,"minecraft:chest":5,"minecraft:dark_oak_planks":28,"minecraft:cooked_beef":3,"sophisticatedbackpacks:backpack":1,"minecraft:cauldron":1,"minecraft:cooked_porkchop":5,"minecraft:diamond_axe":1,"minecraft:crafting_table":3,"minecraft:wooden_pickaxe":2,"minecraft:iron_helmet":1,"minecraft:iron_sword":1,"minecraft:copper_ingot":27,"minecraft:stone_axe":1,"minecraft:air":0,"jeg:scrap_block":1,"minecraft:iron_chestplate":1,"minecraft:shield":2,"minecraft:stick":16,"minecraft:iron_ingot":63,"minecraft:iron_pickaxe":1,"minecraft:iron_leggings":1,"minecraft:stonecutter":1,"minecraft:acacia_planks":32},"minecraft:broken":{"minecraft:stone_pickaxe":1},"minecraft:picked_up":{"minecraft:iron_chestplate":3,"minecraft:cocoa_beans":9,"minecraft:coarse_dirt":2,"minecraft:crafting_table":4,"minecraft:wheat":3,"minecraft:redstone_block":23,"iceandfire:copper_sword":1,"minecraft:anvil":2,"minecraft:clay_ball":84,"minecraft:wooden_pickaxe":3,"minecraft:potion":1,"minecraft:enchanted_book":3,"jeg:scrap_workbench":1,"minecraft:brewing_stand":1,"minecraft:shield":5,"iceandfire:manuscript":18,"minecraft:string":60,"minecraft:red_bed":1,"minecraft:moss_carpet":1,"minecraft:raw_copper":95,"minecraft:red_nether_bricks":1,"minecraft:experience_bottle":17,"jeg:revolver":4,"iceandfire:graveyard_soil":1,"minecraft:cracked_stone_bricks":5,"minecraft:diamond_leggings":4,"minecraft:cobbled_deepslate":4,"minecraft:beef":12,"minecraft:azalea":3,"minecraft:iron_pickaxe":2,"minecraft:enchanted_golden_apple":1,"minecraft:chest":4,"minecraft:furnace":2,"minecraft:iron_boots":3,"minecraft:egg":2,"minecraft:stick":8,"minecraft:raw_iron":69,"minecraft:sandstone":10,"minecraft:big_dripleaf":7,"jeg:pistol_ammo":77,"minecraft:torch":17,"minecraft:acacia_log":8,"sophisticatedbackpacks:backpack":1,"minecraft:porkchop":8,"minecraft:polished_blackstone_bricks":1,"minecraft:carrot":11,"minecraft:goat_horn":3,"minecraft:dark_oak_planks":35,"minecraft:orange_bed":1,"minecraft:quartz_block":4,"iceandfire:silver_ingot":1,"minecraft:arrow":53,"minecraft:rotten_flesh":92,"minecraft:diamond_chestplate":4,"minecraft:nether_bricks":44,"minecraft:diamond_boots":5,"paraglider:horned_statue":1,"minecraft:glow_berries":9,"minecraft:mutton":11,"minecraft:iron_bars":20,"minecraft:rail":2,"minecraft:skeleton_skull":1,"minecraft:white_wool":15,"minecraft:cobblestone":155,"minecraft:enchanting_table":1,"minecraft:magma_block":2,"minecraft:feather":8,"minecraft:cooked_beef":14,"minecraft:iron_door":1,"minecraft:tripwire_hook":3,"minecraft:jungle_log":18,"minecraft:brown_wool":4,"minecraft:leather":14,"minecraft:potato":3,"paraglider:spirit_orb":116,"jeg:scrap":82,"minecraft:cobblestone_wall":1,"minecraft:magenta_bed":1,"minecraft:gunpowder":24,"minecraft:dirt":41,"minecraft:paper":4,"jeg:grenade":2,"minecraft:cooked_mutton":18,"minecraft:bone":39,"minecraft:acacia_planks":44,"minecraft:apple":2,"minecraft:stone_bricks":13,"minecraft:bow":3,"minecraft:wheat_seeds":12,"minecraft:iron_ingot":8,"minecraft:stone_pickaxe":2,"minecraft:cooked_chicken":7,"minecraft:cobweb":9,"minecraft:mossy_stone_bricks":12,"minecraft:diamond_helmet":3,"minecraft:moss_block":6,"minecraft:iron_sword":4,"minecraft:flowering_azalea":2,"minecraft:acacia_sapling":1,"minecraft:oak_planks":15,"jeg:tech_trash":15,"minecraft:mossy_stone_brick_stairs":2,"minecraft:cooked_porkchop":11,"minecraft:chiseled_stone_bricks":1,"minecraft:gravel":1,"minecraft:nether_brick_stairs":2,"minecraft:spider_eye":5,"minecraft:mossy_cobblestone":1,"minecraft:diamond_shovel":1,"minecraft:stone_axe":5,"jeg:custom_smg":1,"iceandfire:silver_sword":3,"minecraft:iron_helmet":3,"minecraft:granite":17,"minecraft:grass":2,"minecraft:golden_apple":11,"minecraft:bread":217,"minecraft:terracotta":1,"minecraft:netherrack":1,"minecraft:melon_seeds":5,"minecraft:coal":33,"iceandfire:raw_silver":3,"sophisticatedbackpacks:gold_backpack":1},"minecraft:killed":{"hordes:zombie_player":7,"minecraft:spider":5,"minecraft:cod":1,"minecraft:pufferfish":3,"minecraft:skeleton":18,"minecraft:chicken":7,"themutantmobsmod:gigaillager_v_2":1,"minecraft:tropical_fish":1,"minecraft:pig":10,"minecraft:zombie_villager":3,"minecraft:creeper":4,"minecraft:squid":1,"minecraft:sheep":13,"minecraft:zombie":29,"iceandfire:ghost":2,"minecraft:cow":10},"minecraft:killed_by":{"minecraft:player":1,"minecraft:zombie":1},"minecraft:mined":{"minecraft:dark_oak_planks":4,"iceandfire:graveyard_soil":2,"iceandfire:silver_ore":1,"minecraft:blue_stained_glass_pane":4,"minecraft:mossy_cobblestone":1,"minecraft:jungle_leaves":2,"minecraft:red_nether_bricks":1,"minecraft:brewing_stand":1,"minecraft:gray_stained_glass_pane":2,"minecraft:nether_bricks":14,"minecraft:granite":7,"minecraft:acacia_log":8,"minecraft:grass_block":3,"minecraft:jungle_log":18,"minecraft:white_stained_glass":2,"minecraft:moss_block":5,"minecraft:sandstone":10,"minecraft:chiseled_stone_bricks":1,"minecraft:spawner":43,"minecraft:light_blue_stained_glass":2,"minecraft:polished_blackstone_bricks":1,"minecraft:magma_block":2,"minecraft:furnace":2,"minecraft:iron_ore":40,"minecraft:anvil":2,"minecraft:nether_brick_stairs":4,"minecraft:enchanting_table":1,"minecraft:mossy_stone_brick_stairs":2,"minecraft:dirt_path":3,"minecraft:vine":17,"minecraft:deepslate_iron_ore":29,"minecraft:iron_bars":23,"minecraft:stone":146,"minecraft:orange_bed":1,"minecraft:flowering_azalea":1,"minecraft:acacia_leaves":5,"minecraft:redstone_block":23,"minecraft:glass_pane":20,"jeg:scrap_ore":30,"minecraft:quartz_block":6,"minecraft:red_bed":1,"minecraft:clay":5,"minecraft:crafting_table":4,"minecraft:gray_stained_glass":2,"minecraft:chest":4,"minecraft:dead_bush":1,"minecraft:white_stained_glass_pane":2,"minecraft:copper_ore":18,"minecraft:tall_grass":15,"minecraft:cobblestone":2,"minecraft:oak_planks":4,"minecraft:iron_door":1,"minecraft:wall_torch":2,"jeg:deepslate_scrap_ore":11,"jeg:scrap_workbench":1,"minecraft:cobblestone_wall":1,"paraglider:horned_statue":1,"minecraft:stone_brick_stairs":2,"minecraft:grass":12,"minecraft:coal_ore":26,"minecraft:dirt":16,"minecraft:cobweb":24,"minecraft:cracked_stone_bricks":5,"minecraft:terracotta":1,"minecraft:acacia_planks":14,"minecraft:stone_bricks":13,"minecraft:netherrack":1,"minecraft:gold_ore":1,"minecraft:mossy_stone_bricks":14,"minecraft:oak_leaves":2,"minecraft:deepslate":3,"minecraft:fern":1},"minecraft:dropped":{"minecraft:nether_brick_stairs":1,"minecraft:iron_sword":2,"minecraft:moss_block":4,"minecraft:wheat_seeds":4,"minecraft:cobblestone":5,"minecraft:granite":1,"minecraft:golden_apple":1,"minecraft:dirt":2,"jeg:custom_smg":1,"minecraft:grass":2,"iceandfire:silver_sword":2,"minecraft:iron_door":1,"minecraft:flowering_azalea":2,"minecraft:white_wool":1,"minecraft:gravel":1,"minecraft:moss_carpet":1,"minecraft:coarse_dirt":2,"minecraft:iron_boots":1,"minecraft:big_dripleaf":6,"iceandfire:copper_sword":2,"minecraft:melon_seeds":1,"minecraft:azalea":3,"jeg:pump_shotgun":1,"minecraft:iron_bars":4,"jeg:pistol_ammo":21,"minecraft:netherrack":1},"minecraft:custom":{"minecraft:interact_with_anvil":6,"minecraft:mob_kills":282,"minecraft:interact_with_crafting_table":52,"minecraft:damage_dealt_resisted":4,"minecraft:leave_game":5,"minecraft:time_since_death":22934,"minecraft:climb_one_cm":69337,"minecraft:sprint_one_cm":603927,"minecraft:walk_one_cm":1526663,"minecraft:damage_blocked_by_shield":880,"minecraft:drop":33,"minecraft:damage_dealt_absorbed":120,"minecraft:play_time":295104,"minecraft:sneak_time":5654,"minecraft:deaths":17,"minecraft:walk_under_water_one_cm":25710,"minecraft:jump":4356,"minecraft:walk_on_water_one_cm":49715,"minecraft:total_world_time":295104,"minecraft:interact_with_furnace":64,"minecraft:sleep_in_bed":16,"minecraft:time_since_rest":22961,"minecraft:damage_taken":7265,"minecraft:damage_absorbed":173,"minecraft:trigger_trapped_chest":2,"minecraft:damage_dealt":19764,"minecraft:player_kills":1,"minecraft:swim_one_cm":96371,"minecraft:fly_one_cm":1214134,"minecraft:open_chest":289,"minecraft:crouch_one_cm":5279,"minecraft:fall_one_cm":102187}},"DataVersion":3465}