{"stats":{"minecraft:crafted":{"minecraft:oak_planks":88,"minecraft:cooked_chicken":4,"minecraft:furnace":1,"minecraft:cooked_mutton":7,"minecraft:diamond_helmet":1,"minecraft:diamond_leggings":1,"minecraft:leather":1,"minecraft:stone_pickaxe":1,"minecraft:chest":2,"minecraft:diamond_boots":1,"sophisticatedbackpacks:iron_backpack":1,"minecraft:wheat":576,"minecraft:cooked_beef":6,"sophisticatedbackpacks:backpack":2,"minecraft:cooked_porkchop":4,"minecraft:diamond_axe":1,"minecraft:crafting_table":2,"minecraft:wooden_pickaxe":1,"minecraft:baked_potato":10,"minecraft:iron_sword":1,"sophisticatedbackpacks:gold_backpack":1,"minecraft:birch_planks":4,"minecraft:bread":191,"minecraft:air":0,"minecraft:golden_apple":3,"minecraft:shield":2,"minecraft:stick":16,"minecraft:iron_ingot":15,"minecraft:stone_sword":1,"minecraft:white_bed":1,"minecraft:torch":128,"minecraft:diamond_chestplate":1},"minecraft:picked_up":{"minecraft:iron_chestplate":1,"minecraft:crafting_table":7,"minecraft:chainmail_boots":1,"iceandfire:witherbone":8,"minecraft:chicken":1,"minecraft:clay_ball":4,"minecraft:leather_leggings":1,"minecraft:wooden_pickaxe":2,"minecraft:oak_stairs":4,"minecraft:golden_shovel":1,"minecraft:stone_brick_stairs":5,"minecraft:shield":1,"minecraft:cornflower":1,"minecraft:string":51,"minecraft:wooden_sword":2,"minecraft:red_nether_bricks":1,"minecraft:iron_leggings":1,"tacz:ammo":30,"minecraft:cracked_stone_bricks":1,"minecraft:cobbled_deepslate":9,"minecraft:beef":8,"minecraft:egg":1,"minecraft:furnace":1,"minecraft:raw_copper_block":4,"minecraft:golden_helmet":1,"minecraft:tipped_arrow":4,"minecraft:stick":11,"iceandfire:dragonbone":5,"iceandfire:dragonscales_gray":22,"minecraft:copper_ingot":1,"minecraft:torch":30,"minecraft:porkchop":16,"tombstone:grave_dust":11,"minecraft:golden_chestplate":3,"minecraft:quartz_block":21,"minecraft:polished_granite_stairs":1,"minecraft:stone_sword":5,"minecraft:arrow":43,"minecraft:rotten_flesh":29,"minecraft:nether_bricks":4,"minecraft:diamond_boots":1,"minecraft:hay_block":64,"iceandfire:fire_dragon_heart":1,"minecraft:rail":1,"minecraft:mutton":18,"minecraft:cobblestone":155,"minecraft:iron_bars":53,"minecraft:white_wool":6,"minecraft:birch_log":1,"minecraft:leather_chestplate":2,"minecraft:air":0,"minecraft:feather":8,"minecraft:cooked_beef":8,"minecraft:andesite":3,"minecraft:brown_wool":3,"minecraft:leather":15,"minecraft:golden_leggings":2,"minecraft:birch_planks":2,"paraglider:spirit_orb":162,"minecraft:golden_boots":1,"minecraft:oak_log":31,"scalinghealth:bandages":1,"jeg:scrap":15,"minecraft:yellow_bed":1,"minecraft:nether_wart_block":1,"minecraft:gunpowder":10,"scalinghealth:heart_crystal":6,"minecraft:dirt":2,"tombstone:gift":1,"minecraft:leather_boots":2,"minecraft:bone":71,"minecraft:stone_bricks":1,"minecraft:bow":5,"minecraft:wheat_seeds":29,"minecraft:stone_pickaxe":3,"minecraft:mossy_stone_bricks":5,"minecraft:diamond_helmet":1,"iceandfire:fire_dragon_flesh":3,"minecraft:mossy_stone_brick_stairs":6,"minecraft:iron_sword":1,"minecraft:oak_planks":147,"minecraft:book":1,"scalinghealth:heart_crystal_shard":22,"minecraft:cooked_porkchop":12,"minecraft:dandelion":2,"iceandfire:dragon_skull_fire":1,"minecraft:stripped_spruce_log":8,"minecraft:nether_brick_stairs":5,"minecraft:mossy_cobblestone":1,"minecraft:white_bed":5,"minecraft:spider_eye":8,"minecraft:leather_helmet":1,"minecraft:bundle":1,"minecraft:diamond":27,"tacz:modern_kinetic_gun":1,"minecraft:chainmail_leggings":1,"minecraft:crossbow":2,"minecraft:mossy_cobblestone_stairs":4,"minecraft:gray_wool":2,"tombstone:magic_scroll":2,"minecraft:coal":25,"minecraft:bricks":2},"minecraft:killed":{"minecraft:cave_spider":12,"hordes:zombie_player":1,"minecraft:spider":22,"minecraft:skeleton":19,"iceandfire:fire_dragon":1,"minecraft:silverfish":5,"minecraft:drowned":4,"minecraft:pig":9,"minecraft:zombie_villager":5,"minecraft:sheep":6,"minecraft:zombie":17,"minecraft:stray":13,"minecraft:wither_skeleton":13,"minecraft:cow":3},"minecraft:custom":{"minecraft:mob_kills":149,"minecraft:interact_with_crafting_table":28,"minecraft:open_barrel":27,"minecraft:eat_cake_slice":3,"minecraft:leave_game":3,"minecraft:time_since_death":226376,"minecraft:climb_one_cm":14892,"minecraft:sprint_one_cm":734065,"minecraft:walk_one_cm":690881,"minecraft:damage_blocked_by_shield":4602,"minecraft:drop":84,"minecraft:play_time":269240,"minecraft:deaths":9,"minecraft:sneak_time":11410,"minecraft:walk_under_water_one_cm":22136,"minecraft:jump":3425,"minecraft:walk_on_water_one_cm":18342,"minecraft:total_world_time":269240,"minecraft:interact_with_furnace":42,"minecraft:interact_with_stonecutter":1,"minecraft:sleep_in_bed":6,"minecraft:time_since_rest":45876,"minecraft:damage_taken":10942,"minecraft:damage_absorbed":360,"minecraft:damage_dealt":26032,"minecraft:swim_one_cm":34599,"minecraft:fly_one_cm":813688,"minecraft:player_kills":1,"minecraft:open_chest":299,"minecraft:crouch_one_cm":22930,"tombstone:undead_killed":72,"minecraft:fall_one_cm":68697},"minecraft:killed_by":{"minecraft:zombie_villager":1,"minecraft:player":1,"minecraft:zombie":1},"minecraft:used":{"minecraft:stone_sword":104,"minecraft:shield":141,"minecraft:iron_sword":728,"minecraft:cooked_chicken":5,"minecraft:torch":245,"scalinghealth:heart_crystal":6,"minecraft:raw_copper_block":4,"minecraft:bow":21,"minecraft:furnace":1,"tombstone:gift":1,"minecraft:water_bucket":4,"minecraft:oak_planks":123,"minecraft:birch_planks":4,"minecraft:stone_pickaxe":157,"minecraft:baked_potato":13,"minecraft:wooden_pickaxe":39,"minecraft:diamond_axe":110,"minecraft:golden_apple":12,"minecraft:crafting_table":7,"minecraft:white_bed":4,"minecraft:bread":108,"minecraft:iron_pickaxe":241,"minecraft:cobblestone":56,"minecraft:bucket":5,"minecraft:gray_wool":1},"minecraft:mined":{"minecraft:white_bed":4,"minecraft:mossy_cobblestone":5,"minecraft:deepslate_diamond_ore":8,"minecraft:nether_bricks":1,"minecraft:spawner":107,"minecraft:large_fern":1,"minecraft:hay_block":63,"minecraft:furnace":1,"minecraft:mossy_cobblestone_stairs":5,"minecraft:andesite":2,"minecraft:nether_brick_stairs":4,"minecraft:mossy_stone_brick_stairs":6,"minecraft:vine":43,"minecraft:iron_bars":50,"minecraft:stone":97,"jeg:scrap_ore":4,"minecraft:quartz_block":57,"minecraft:dandelion":1,"minecraft:cornflower":1,"minecraft:crafting_table":6,"minecraft:torch":10,"minecraft:cobblestone":4,"minecraft:tall_grass":68,"minecraft:oak_planks":17,"minecraft:wall_torch":1,"jeg:deepslate_scrap_ore":1,"minecraft:birch_planks":2,"minecraft:birch_log":1,"minecraft:lilac":1,"minecraft:birch_leaves":6,"minecraft:stone_brick_stairs":5,"minecraft:grass":111,"minecraft:oak_log":22,"minecraft:coal_ore":21,"minecraft:dirt":2,"minecraft:cobweb":7,"minecraft:cracked_stone_bricks":2,"minecraft:raw_copper_block":4,"minecraft:stone_bricks":1,"minecraft:netherrack":1,"minecraft:mossy_stone_bricks":3,"minecraft:oak_leaves":2,"minecraft:deepslate":6},"minecraft:broken":{"minecraft:shield":1,"minecraft:iron_sword":1},"minecraft:dropped":{"minecraft:iron_ingot":34,"minecraft:iron_sword":1,"minecraft:wheat_seeds":20,"minecraft:mossy_cobblestone":1,"minecraft:diamond":6,"minecraft:crossbow":1,"minecraft:leather":2,"jeg:scrap":2,"minecraft:chainmail_helmet":2,"minecraft:coal":3,"minecraft:leather_helmet":1,"minecraft:golden_apple":1,"minecraft:raw_copper_block":2,"minecraft:torch":1,"tombstone:grave_dust":6,"minecraft:string":3,"minecraft:bone":44,"minecraft:golden_chestplate":3,"minecraft:stone_sword":4,"minecraft:raw_copper":17,"tombstone:gift":1,"minecraft:wheat":3,"iceandfire:witherbone":6,"minecraft:rotten_flesh":6,"minecraft:clay_ball":4,"sophisticatedbackpacks:backpack":1,"minecraft:nether_bricks":4,"minecraft:tipped_arrow":4,"minecraft:bundle":1,"minecraft:mossy_stone_bricks":2,"minecraft:quartz_block":3,"minecraft:yellow_bed":1,"minecraft:golden_leggings":2,"minecraft:leather_boots":3,"minecraft:chainmail_boots":2,"minecraft:spider_eye":1,"minecraft:iron_bars":5,"minecraft:arrow":6,"minecraft:bow":2,"minecraft:wooden_pickaxe":1,"minecraft:egg":1}},"DataVersion":3465}