{"stats":{"minecraft:crafted":{"minecraft:oak_planks":88,"minecraft:cooked_chicken":4,"minecraft:furnace":1,"minecraft:cooked_mutton":7,"minecraft:diamond_helmet":1,"minecraft:diamond_leggings":1,"minecraft:leather":1,"minecraft:stone_pickaxe":1,"minecraft:chest":2,"minecraft:diamond_boots":1,"sophisticatedbackpacks:iron_backpack":1,"minecraft:wheat":576,"minecraft:cooked_beef":6,"sophisticatedbackpacks:backpack":2,"minecraft:cooked_porkchop":4,"minecraft:diamond_axe":1,"minecraft:crafting_table":2,"minecraft:wooden_pickaxe":1,"minecraft:baked_potato":10,"minecraft:iron_sword":1,"sophisticatedbackpacks:gold_backpack":1,"minecraft:birch_planks":4,"minecraft:bread":191,"minecraft:air":0,"minecraft:golden_apple":3,"minecraft:shield":2,"minecraft:stick":16,"minecraft:iron_ingot":15,"minecraft:stone_sword":1,"minecraft:white_bed":1,"minecraft:torch":104,"minecraft:diamond_chestplate":1},"minecraft:picked_up":{"minecraft:crafting_table":7,"iceandfire:witherbone":1,"minecraft:chicken":1,"minecraft:clay_ball":4,"minecraft:leather_leggings":1,"minecraft:wooden_pickaxe":2,"minecraft:oak_stairs":4,"minecraft:stone_brick_stairs":3,"minecraft:shield":1,"minecraft:cornflower":1,"minecraft:string":51,"minecraft:wooden_sword":2,"tacz:ammo":30,"minecraft:cobbled_deepslate":9,"minecraft:beef":8,"minecraft:egg":1,"minecraft:furnace":1,"minecraft:raw_copper_block":4,"minecraft:stick":11,"iceandfire:dragonbone":5,"iceandfire:dragonscales_gray":22,"minecraft:torch":26,"minecraft:porkchop":16,"tombstone:grave_dust":5,"minecraft:quartz_block":13,"minecraft:polished_granite_stairs":1,"minecraft:stone_sword":5,"minecraft:arrow":21,"minecraft:rotten_flesh":13,"minecraft:hay_block":64,"iceandfire:fire_dragon_heart":1,"minecraft:rail":1,"minecraft:mutton":18,"minecraft:cobblestone":155,"minecraft:iron_bars":44,"minecraft:white_wool":6,"minecraft:birch_log":1,"minecraft:leather_chestplate":1,"minecraft:air":0,"minecraft:feather":8,"minecraft:cooked_beef":8,"minecraft:andesite":3,"minecraft:brown_wool":3,"minecraft:leather":15,"minecraft:birch_planks":2,"paraglider:spirit_orb":108,"minecraft:oak_log":31,"jeg:scrap":15,"minecraft:yellow_bed":1,"minecraft:nether_wart_block":1,"minecraft:gunpowder":10,"scalinghealth:heart_crystal":3,"minecraft:dirt":2,"minecraft:bone":17,"minecraft:bow":2,"minecraft:wheat_seeds":29,"minecraft:stone_pickaxe":3,"minecraft:mossy_stone_bricks":1,"iceandfire:fire_dragon_flesh":3,"minecraft:mossy_stone_brick_stairs":5,"minecraft:iron_sword":1,"minecraft:oak_planks":143,"minecraft:book":1,"scalinghealth:heart_crystal_shard":22,"minecraft:cooked_porkchop":12,"minecraft:dandelion":2,"iceandfire:dragon_skull_fire":1,"minecraft:stripped_spruce_log":8,"minecraft:nether_brick_stairs":4,"minecraft:white_bed":5,"minecraft:spider_eye":8,"minecraft:diamond":27,"tacz:modern_kinetic_gun":1,"minecraft:crossbow":2,"minecraft:mossy_cobblestone_stairs":1,"minecraft:gray_wool":2,"minecraft:coal":21,"minecraft:bricks":2},"minecraft:killed":{"minecraft:cave_spider":12,"hordes:zombie_player":1,"minecraft:spider":20,"minecraft:skeleton":15,"iceandfire:fire_dragon":1,"minecraft:silverfish":5,"minecraft:pig":9,"minecraft:zombie_villager":2,"minecraft:sheep":6,"minecraft:zombie":11,"minecraft:wither_skeleton":2,"minecraft:cow":3},"minecraft:custom":{"minecraft:mob_kills":98,"minecraft:interact_with_crafting_table":28,"minecraft:open_barrel":27,"minecraft:eat_cake_slice":3,"minecraft:leave_game":3,"minecraft:time_since_death":202376,"minecraft:climb_one_cm":7043,"minecraft:sprint_one_cm":669662,"minecraft:walk_one_cm":612886,"minecraft:damage_blocked_by_shield":3872,"minecraft:drop":48,"minecraft:play_time":245240,"minecraft:deaths":9,"minecraft:sneak_time":10918,"minecraft:walk_under_water_one_cm":22136,"minecraft:jump":3193,"minecraft:walk_on_water_one_cm":14313,"minecraft:total_world_time":245240,"minecraft:interact_with_furnace":42,"minecraft:interact_with_stonecutter":1,"minecraft:sleep_in_bed":6,"minecraft:time_since_rest":21876,"minecraft:damage_taken":9163,"minecraft:damage_absorbed":222,"minecraft:damage_dealt":16396,"minecraft:swim_one_cm":34599,"minecraft:fly_one_cm":771634,"minecraft:player_kills":1,"minecraft:open_chest":260,"minecraft:crouch_one_cm":21143,"tombstone:undead_killed":31,"minecraft:fall_one_cm":67948},"minecraft:killed_by":{"minecraft:zombie_villager":1,"minecraft:player":1,"minecraft:zombie":1},"minecraft:used":{"minecraft:stone_sword":104,"minecraft:shield":124,"minecraft:iron_sword":458,"minecraft:cooked_chicken":5,"minecraft:torch":197,"scalinghealth:heart_crystal":3,"minecraft:raw_copper_block":4,"minecraft:bow":21,"minecraft:furnace":1,"tombstone:gift":1,"minecraft:water_bucket":4,"minecraft:oak_planks":103,"minecraft:birch_planks":4,"minecraft:stone_pickaxe":157,"minecraft:baked_potato":13,"minecraft:wooden_pickaxe":39,"minecraft:diamond_axe":85,"minecraft:golden_apple":8,"minecraft:crafting_table":7,"minecraft:white_bed":4,"minecraft:bread":79,"minecraft:iron_pickaxe":166,"minecraft:cobblestone":56,"minecraft:bucket":5,"minecraft:gray_wool":1},"minecraft:mined":{"minecraft:white_bed":4,"minecraft:mossy_cobblestone":1,"minecraft:deepslate_diamond_ore":8,"minecraft:spawner":79,"minecraft:large_fern":1,"minecraft:hay_block":63,"minecraft:furnace":1,"minecraft:mossy_cobblestone_stairs":2,"minecraft:nether_brick_stairs":4,"minecraft:mossy_stone_brick_stairs":5,"minecraft:vine":27,"minecraft:iron_bars":43,"minecraft:stone":97,"jeg:scrap_ore":4,"minecraft:quartz_block":47,"minecraft:dandelion":1,"minecraft:cornflower":1,"minecraft:crafting_table":6,"minecraft:torch":7,"minecraft:cobblestone":4,"minecraft:tall_grass":68,"minecraft:oak_planks":13,"minecraft:wall_torch":1,"jeg:deepslate_scrap_ore":1,"minecraft:birch_planks":2,"minecraft:birch_log":1,"minecraft:lilac":1,"minecraft:birch_leaves":6,"minecraft:stone_brick_stairs":3,"minecraft:grass":111,"minecraft:oak_log":22,"minecraft:coal_ore":21,"minecraft:dirt":2,"minecraft:cobweb":7,"minecraft:raw_copper_block":4,"minecraft:oak_leaves":2,"minecraft:deepslate":6},"minecraft:broken":{"minecraft:shield":1,"minecraft:iron_sword":1},"minecraft:dropped":{"minecraft:iron_ingot":34,"minecraft:iron_sword":1,"minecraft:wheat_seeds":20,"minecraft:diamond":6,"minecraft:crossbow":1,"minecraft:leather":2,"jeg:scrap":2,"minecraft:chainmail_helmet":2,"minecraft:golden_apple":1,"minecraft:raw_copper_block":2,"minecraft:torch":1,"minecraft:string":3,"minecraft:bone":2,"minecraft:stone_sword":4,"minecraft:raw_copper":17,"minecraft:wheat":3,"minecraft:clay_ball":4,"sophisticatedbackpacks:backpack":1,"minecraft:quartz_block":3,"minecraft:yellow_bed":1,"minecraft:leather_boots":1,"minecraft:chainmail_boots":1,"minecraft:spider_eye":1,"minecraft:iron_bars":2,"minecraft:wooden_pickaxe":1,"minecraft:egg":1}},"DataVersion":3465}