{"stats":{"minecraft:used":{"minecraft:shield":401,"minecraft:iron_sword":1441,"minecraft:bow":41,"minecraft:furnace":1,"minecraft:egg":1,"minecraft:potato":3,"minecraft:oak_planks":162,"minecraft:stone_pickaxe":157,"minecraft:wooden_pickaxe":39,"minecraft:diamond_axe":118,"minecraft:golden_apple":45,"scalinghealth:cursed_heart":2,"minecraft:bread":232,"minecraft:diamond_sword":364,"minecraft:stone_sword":104,"minecraft:flint_and_steel":3,"minecraft:cooked_chicken":5,"minecraft:torch":375,"minecraft:dirt":97,"minecraft:anvil":1,"scalinghealth:heart_crystal":11,"minecraft:diamond_helmet":1,"minecraft:raw_copper_block":4,"tombstone:gift":1,"minecraft:cooked_beef":45,"minecraft:cobbled_deepslate":69,"minecraft:cooked_mutton":14,"minecraft:water_bucket":5,"minecraft:birch_planks":4,"minecraft:baked_potato":32,"minecraft:tnt":2,"minecraft:crafting_table":8,"minecraft:white_bed":8,"minecraft:diamond_pickaxe":401,"minecraft:iron_pickaxe":246,"minecraft:cobblestone":90,"minecraft:purple_bed":1,"minecraft:cooked_porkchop":16,"minecraft:bucket":6,"minecraft:gray_wool":1},"minecraft:dropped":{"minecraft:nether_brick_stairs":9,"minecraft:iron_sword":1,"minecraft:oak_log":5,"minecraft:diamond":113,"minecraft:crossbow":1,"iceandfire:fire_dragon_flesh":3,"minecraft:leather":2,"minecraft:iron_horse_armor":1,"jeg:scrap":20,"minecraft:leather_helmet":1,"paraglider:spirit_orb":67,"minecraft:dirt":20,"tombstone:bag_of_seeds":1,"minecraft:raw_copper_block":2,"minecraft:mutton":5,"minecraft:cracked_deepslate_tiles":2,"minecraft:iron_pickaxe":2,"iceandfire:armor_silver_metal_helmet":1,"minecraft:fishing_rod":1,"jeg:tech_trash":3,"minecraft:gold_ingot":7,"minecraft:bone":67,"minecraft:gravel":7,"minecraft:stone_axe":1,"minecraft:golden_chestplate":3,"minecraft:cobbled_deepslate":6,"minecraft:wheat":6,"tombstone:gift":2,"minecraft:rotten_flesh":55,"minecraft:oak_planks":17,"sophisticatedbackpacks:diamond_backpack":1,"minecraft:poppy":1,"minecraft:tipped_arrow":4,"minecraft:deepslate_tiles":2,"minecraft:gunpowder":32,"minecraft:beetroot_seeds":2,"minecraft:quartz_block":3,"minecraft:leather_boots":3,"minecraft:chainmail_boots":2,"minecraft:leather_leggings":1,"minecraft:red_nether_bricks":1,"minecraft:iron_bars":9,"minecraft:arrow":75,"minecraft:stone_brick_stairs":1,"minecraft:netherrack":1,"iceandfire:manuscript":1,"minecraft:egg":2,"minecraft:bread":10,"minecraft:iron_ingot":60,"minecraft:wheat_seeds":64,"minecraft:golden_helmet":1,"minecraft:mossy_cobblestone":1,"minecraft:diamond_leggings":2,"minecraft:oak_fence":3,"minecraft:iron_helmet":1,"scalinghealth:heart_crystal_shard":14,"minecraft:apple":11,"minecraft:chainmail_helmet":3,"minecraft:coal":3,"minecraft:golden_apple":4,"minecraft:gray_wool":1,"minecraft:torch":3,"iceandfire:armor_silver_metal_chestplate":2,"tombstone:grave_dust":12,"minecraft:iron_leggings":1,"minecraft:oak_stairs":12,"minecraft:string":9,"iceandfire:dragon_skull_fire":1,"iceandfire:dragonscales_gray":22,"minecraft:sweet_berries":1,"minecraft:stone_sword":4,"minecraft:raw_copper":17,"iceandfire:witherbone":8,"minecraft:clay_ball":8,"minecraft:iron_boots":2,"sophisticatedbackpacks:backpack":1,"minecraft:stone_slab":1,"minecraft:nether_bricks":6,"minecraft:diamond_sword":2,"minecraft:potato":2,"minecraft:shield":4,"minecraft:diamond_chestplate":2,"minecraft:bundle":2,"minecraft:iron_chestplate":1,"minecraft:andesite":6,"minecraft:mossy_stone_bricks":2,"minecraft:yellow_bed":1,"minecraft:golden_leggings":2,"minecraft:spider_eye":6,"minecraft:stone_bricks":57,"minecraft:spruce_log":1,"minecraft:diamond_boots":1,"minecraft:bow":2,"iceandfire:fire_dragon_heart":1,"minecraft:wooden_pickaxe":1,"minecraft:black_wool":1},"minecraft:killed_by":{"minecraft:zombie_villager":1,"minecraft:zombie":1,"minecraft:player":1},"minecraft:custom":{"minecraft:interact_with_crafting_table":48,"minecraft:open_barrel":27,"minecraft:bell_ring":11,"minecraft:eat_cake_slice":3,"minecraft:leave_game":8,"minecraft:time_since_death":162001,"minecraft:sprint_one_cm":1435796,"minecraft:damage_blocked_by_shield":8124,"minecraft:drop":245,"minecraft:talked_to_villager":6,"minecraft:play_time":573618,"minecraft:deaths":10,"minecraft:jump":9839,"minecraft:walk_on_water_one_cm":79076,"minecraft:interact_with_furnace":63,"minecraft:sleep_in_bed":16,"minecraft:damage_dealt":58988,"minecraft:player_kills":1,"minecraft:crouch_one_cm":38768,"tombstone:undead_killed":151,"minecraft:interact_with_anvil":4,"minecraft:mob_kills":304,"minecraft:damage_dealt_resisted":364,"minecraft:climb_one_cm":17440,"minecraft:walk_one_cm":1412974,"minecraft:damage_dealt_absorbed":39,"minecraft:sneak_time":16443,"minecraft:walk_under_water_one_cm":96961,"minecraft:total_world_time":573618,"minecraft:interact_with_stonecutter":1,"minecraft:time_since_rest":6953,"minecraft:damage_taken":30509,"minecraft:damage_absorbed":1505,"minecraft:trigger_trapped_chest":1,"minecraft:swim_one_cm":156630,"minecraft:fly_one_cm":2228578,"minecraft:open_chest":449,"minecraft:fall_one_cm":219360},"minecraft:broken":{"minecraft:diamond_helmet":3,"minecraft:diamond_boots":2,"minecraft:iron_sword":3,"minecraft:diamond_chestplate":1,"minecraft:diamond_leggings":1,"minecraft:shield":2,"minecraft:iron_pickaxe":1},"minecraft:mined":{"minecraft:white_bed":8,"minecraft:grass_block":3,"minecraft:coal_block":1,"minecraft:spawner":155,"minecraft:mossy_cobblestone_stairs":5,"minecraft:fire":3,"minecraft:cobbled_deepslate":5,"minecraft:nether_brick_stairs":17,"minecraft:iron_bars":64,"minecraft:quartz_block":73,"minecraft:torch":12,"minecraft:cobblestone":6,"minecraft:oak_planks":21,"minecraft:wall_torch":2,"minecraft:nether_wart_block":1,"minecraft:birch_log":1,"minecraft:lilac":1,"minecraft:stone_brick_stairs":5,"minecraft:grass":324,"minecraft:cracked_deepslate_tiles":11,"minecraft:oak_log":22,"minecraft:dirt":15,"minecraft:raw_copper_block":4,"minecraft:netherrack":3,"minecraft:oak_leaves":2,"minecraft:deepslate":121,"iceandfire:chared_stone":6,"minecraft:deepslate_tiles":21,"minecraft:tuff":19,"minecraft:mossy_cobblestone":5,"minecraft:deepslate_diamond_ore":8,"minecraft:nether_bricks":7,"iceandfire:deepslate_silver_ore":1,"minecraft:spruce_leaves":2,"minecraft:large_fern":1,"minecraft:hay_block":63,"minecraft:furnace":1,"minecraft:andesite":47,"minecraft:mossy_stone_brick_stairs":6,"minecraft:vine":43,"minecraft:stone":117,"jeg:scrap_ore":16,"minecraft:dandelion":1,"minecraft:crafting_table":7,"minecraft:cornflower":1,"minecraft:stone_slab":1,"minecraft:tall_grass":228,"minecraft:copper_ore":4,"minecraft:lapis_ore":5,"jeg:deepslate_scrap_ore":4,"minecraft:birch_planks":2,"minecraft:purple_bed":1,"minecraft:sweet_berry_bush":1,"minecraft:birch_leaves":6,"minecraft:coal_ore":21,"minecraft:gravel":7,"minecraft:cobweb":7,"minecraft:cracked_stone_bricks":2,"minecraft:stone_bricks":2,"minecraft:mossy_stone_bricks":4},"minecraft:crafted":{"minecraft:oak_planks":144,"minecraft:cooked_chicken":4,"minecraft:cooked_mutton":20,"minecraft:diamond_helmet":4,"minecraft:diamond_leggings":4,"minecraft:chest":2,"sophisticatedbackpacks:backpack":2,"minecraft:cooked_porkchop":4,"minecraft:diamond_axe":1,"minecraft:crafting_table":2,"minecraft:wooden_pickaxe":1,"minecraft:baked_potato":10,"minecraft:birch_planks":4,"minecraft:shield":2,"sophisticatedbackpacks:diamond_backpack":2,"minecraft:stick":16,"minecraft:iron_ingot":15,"minecraft:iron_block":3,"minecraft:stone_sword":1,"minecraft:furnace":1,"minecraft:flint_and_steel":1,"minecraft:leather":1,"minecraft:stone_pickaxe":1,"minecraft:diamond_boots":4,"minecraft:wheat":684,"sophisticatedbackpacks:iron_backpack":2,"minecraft:cooked_beef":6,"minecraft:iron_sword":1,"sophisticatedbackpacks:gold_backpack":2,"minecraft:air":0,"minecraft:bread":227,"minecraft:golden_apple":15,"minecraft:anvil":1,"minecraft:white_bed":1,"minecraft:torch":128,"minecraft:diamond_chestplate":4},"minecraft:picked_up":{"minecraft:iron_chestplate":1,"minecraft:wheat":3,"minecraft:chainmail_boots":2,"minecraft:diamond_sword":2,"minecraft:stone_slab":1,"minecraft:oak_stairs":19,"minecraft:golden_shovel":1,"minecraft:stone_brick_stairs":7,"minecraft:string":62,"minecraft:raw_copper":25,"minecraft:red_nether_bricks":1,"minecraft:iron_leggings":1,"minecraft:deepslate_tiles":5,"minecraft:diamond_leggings":2,"minecraft:gold_nugget":10,"minecraft:cobbled_deepslate":84,"minecraft:calcite":1,"minecraft:iron_pickaxe":2,"minecraft:furnace":1,"minecraft:iron_boots":1,"minecraft:tipped_arrow":5,"minecraft:golden_helmet":2,"minecraft:stick":11,"minecraft:oak_fence":3,"minecraft:torch":39,"minecraft:porkchop":94,"tombstone:grave_dust":22,"minecraft:golden_chestplate":3,"minecraft:quartz_block":25,"minecraft:stone_sword":5,"minecraft:rotten_flesh":91,"iceandfire:fire_dragon_heart":1,"minecraft:iron_bars":69,"minecraft:cobblestone":219,"minecraft:birch_log":6,"minecraft:leather_chestplate":2,"minecraft:feather":8,"minecraft:cooked_beef":8,"minecraft:andesite":9,"minecraft:brown_wool":3,"minecraft:golden_leggings":3,"paraglider:spirit_orb":240,"minecraft:flint":1,"minecraft:tuff":17,"jeg:scrap":60,"minecraft:lapis_lazuli":48,"minecraft:dirt":146,"minecraft:leather_boots":2,"minecraft:bone":107,"minecraft:bow":5,"minecraft:wheat_seeds":76,"minecraft:mossy_stone_bricks":5,"minecraft:diamond_helmet":1,"minecraft:bamboo":5,"minecraft:oak_planks":157,"minecraft:mossy_stone_brick_stairs":6,"minecraft:cooked_porkchop":12,"iceandfire:dragon_skull_fire":1,"minecraft:stripped_spruce_log":8,"minecraft:nether_brick_stairs":21,"minecraft:mossy_cobblestone":1,"minecraft:bundle":2,"minecraft:diamond":142,"minecraft:crossbow":2,"scalinghealth:cursed_heart":2,"minecraft:netherrack":2,"minecraft:chorus_fruit":1,"minecraft:bricks":2,"minecraft:fishing_rod":1,"minecraft:coarse_dirt":1,"minecraft:crafting_table":7,"iceandfire:witherbone":12,"minecraft:chicken":1,"minecraft:clay_ball":4,"minecraft:leather_leggings":2,"minecraft:wooden_pickaxe":2,"minecraft:shield":3,"minecraft:cornflower":1,"minecraft:wooden_sword":2,"tacz:ammo":60,"minecraft:cracked_stone_bricks":4,"minecraft:beef":30,"minecraft:poppy":1,"minecraft:raw_copper_block":4,"minecraft:egg":3,"iceandfire:dragonbone":5,"iceandfire:dragonscales_gray":22,"minecraft:copper_ingot":1,"sophisticatedbackpacks:backpack":1,"minecraft:polished_granite_stairs":1,"minecraft:arrow":63,"minecraft:diamond_chestplate":1,"minecraft:nether_bricks":6,"minecraft:diamond_boots":2,"minecraft:hay_block":76,"minecraft:gold_ingot":7,"minecraft:mutton":60,"minecraft:rail":1,"minecraft:white_wool":16,"minecraft:cracked_deepslate_tiles":5,"minecraft:stripped_oak_log":3,"minecraft:air":0,"minecraft:leather":28,"minecraft:birch_planks":2,"minecraft:oak_log":47,"scalinghealth:bandages":5,"minecraft:nether_wart_block":1,"minecraft:golden_boots":1,"minecraft:yellow_bed":2,"minecraft:gunpowder":15,"scalinghealth:heart_crystal":11,"minecraft:white_banner":1,"tombstone:gift":1,"minecraft:stone_bricks":5,"minecraft:stone_pickaxe":3,"tombstone:bag_of_seeds":1,"minecraft:iron_sword":2,"iceandfire:fire_dragon_flesh":3,"jeg:tech_trash":3,"sophisticatedbackpacks:diamond_backpack":1,"minecraft:book":1,"scalinghealth:heart_crystal_shard":47,"minecraft:sweet_berries":1,"minecraft:dandelion":2,"minecraft:gravel":9,"minecraft:spruce_sapling":3,"minecraft:white_bed":9,"minecraft:spruce_log":3,"minecraft:spider_eye":14,"minecraft:leather_helmet":1,"minecraft:purple_bed":1,"minecraft:stone_axe":1,"tacz:modern_kinetic_gun":2,"minecraft:chainmail_leggings":1,"minecraft:iron_helmet":1,"minecraft:mossy_cobblestone_stairs":5,"minecraft:gray_wool":3,"tombstone:magic_scroll":3,"minecraft:black_wool":1,"minecraft:coal":31},"minecraft:killed":{"minecraft:cave_spider":19,"minecraft:spider":26,"minecraft:skeleton":40,"minecraft:silverfish":5,"minecraft:pig":35,"minecraft:zombie_villager":11,"minecraft:creeper":4,"minecraft:sheep":23,"minecraft:zombie":45,"minecraft:stray":16,"minecraft:cow":10,"hordes:zombie_player":4,"iceandfire:fire_dragon":1,"minecraft:drowned":11,"minecraft:bat":1,"iceandfire:ghost":1,"minecraft:wither_skeleton":23,"minecraft:enderman":2}},"DataVersion":3465}