{"stats":{"minecraft:custom":{"minecraft:interact_with_crafting_table":59,"minecraft:open_barrel":54,"minecraft:bell_ring":11,"minecraft:eat_cake_slice":3,"minecraft:leave_game":10,"minecraft:time_since_death":409235,"minecraft:sprint_one_cm":1661600,"minecraft:damage_blocked_by_shield":9829,"minecraft:drop":324,"minecraft:talked_to_villager":6,"minecraft:play_time":820852,"minecraft:deaths":10,"minecraft:jump":12332,"minecraft:walk_on_water_one_cm":96517,"minecraft:interact_with_furnace":139,"minecraft:sleep_in_bed":21,"minecraft:damage_dealt":66085,"minecraft:player_kills":1,"minecraft:crouch_one_cm":72780,"tombstone:undead_killed":163,"minecraft:interact_with_anvil":17,"minecraft:mob_kills":327,"minecraft:damage_dealt_resisted":613,"minecraft:climb_one_cm":18348,"minecraft:walk_one_cm":2254462,"minecraft:damage_dealt_absorbed":39,"minecraft:sneak_time":32266,"minecraft:walk_under_water_one_cm":121748,"minecraft:total_world_time":820852,"minecraft:interact_with_stonecutter":1,"minecraft:time_since_rest":103394,"minecraft:damage_absorbed":2240,"minecraft:damage_taken":41323,"minecraft:trigger_trapped_chest":1,"minecraft:swim_one_cm":157672,"minecraft:fly_one_cm":4301047,"minecraft:open_chest":613,"minecraft:fall_one_cm":296478},"minecraft:used":{"minecraft:shield":427,"minecraft:iron_sword":1441,"minecraft:obsidian":5,"minecraft:bow":75,"minecraft:furnace":6,"minecraft:egg":1,"minecraft:potato":3,"minecraft:oak_planks":254,"minecraft:stone_pickaxe":157,"minecraft:ender_pearl":1,"minecraft:wooden_pickaxe":39,"minecraft:diamond_axe":118,"minecraft:golden_apple":63,"scalinghealth:cursed_heart":2,"minecraft:bread":241,"minecraft:diamond_sword":518,"minecraft:experience_bottle":12,"minecraft:stone_sword":104,"minecraft:flint_and_steel":6,"minecraft:cooked_chicken":5,"minecraft:netherrack":147,"minecraft:torch":478,"minecraft:dirt":230,"minecraft:anvil":2,"scalinghealth:heart_crystal":11,"minecraft:diamond_helmet":1,"minecraft:iron_axe":9,"minecraft:basalt":2,"minecraft:raw_copper_block":4,"tombstone:gift":1,"minecraft:cooked_beef":45,"minecraft:cobbled_deepslate":69,"minecraft:cooked_mutton":43,"minecraft:water_bucket":12,"minecraft:birch_planks":4,"minecraft:baked_potato":32,"minecraft:cracked_stone_bricks":61,"minecraft:tnt":2,"minecraft:crafting_table":8,"minecraft:white_bed":8,"minecraft:diamond_pickaxe":6955,"minecraft:diamond_shovel":8200,"minecraft:iron_pickaxe":246,"minecraft:cobblestone":92,"minecraft:purple_bed":1,"minecraft:cooked_porkchop":63,"minecraft:bucket":13,"minecraft:yellow_bed":3,"minecraft:gray_wool":1},"minecraft:mined":{"minecraft:white_bed":8,"minecraft:chiseled_polished_blackstone":1,"minecraft:grass_block":457,"minecraft:coal_block":1,"minecraft:spawner":164,"minecraft:magma_block":7,"minecraft:mossy_cobblestone_stairs":6,"bno:nether_coal_ore":4,"minecraft:cobbled_deepslate":5,"minecraft:fire":4,"minecraft:nether_brick_stairs":17,"minecraft:iron_bars":76,"minecraft:quartz_block":73,"minecraft:blackstone":76,"minecraft:torch":26,"minecraft:nether_quartz_ore":191,"minecraft:cobblestone":6,"minecraft:sugar_cane":1,"minecraft:oak_planks":21,"minecraft:wall_torch":6,"minecraft:deepslate_copper_ore":8,"minecraft:nether_wart_block":1,"minecraft:birch_log":1,"minecraft:lilac":1,"minecraft:stone_brick_stairs":6,"minecraft:grass":329,"minecraft:cracked_deepslate_tiles":11,"minecraft:oak_log":31,"minecraft:sand":1637,"minecraft:dirt":6124,"minecraft:smooth_basalt":4,"minecraft:raw_copper_block":4,"minecraft:ancient_debris":8,"minecraft:netherrack":5666,"minecraft:deepslate":122,"minecraft:oak_leaves":2,"iceandfire:chared_stone":6,"minecraft:deepslate_tiles":23,"minecraft:nether_gold_ore":9,"minecraft:tuff":19,"minecraft:mossy_cobblestone":6,"minecraft:dark_oak_leaves":13,"minecraft:deepslate_diamond_ore":8,"minecraft:nether_bricks":7,"iceandfire:frozen_stone":2,"iceandfire:deepslate_silver_ore":1,"minecraft:spruce_leaves":2,"minecraft:large_fern":1,"minecraft:hay_block":63,"minecraft:furnace":6,"minecraft:andesite":59,"minecraft:mossy_stone_brick_stairs":9,"minecraft:vine":48,"minecraft:stone":145,"jeg:scrap_ore":16,"minecraft:basalt":496,"minecraft:dandelion":1,"minecraft:polished_blackstone_brick_wall":2,"minecraft:cornflower":1,"minecraft:crafting_table":7,"minecraft:cobbled_deepslate_wall":1,"minecraft:stone_slab":1,"minecraft:copper_ore":4,"minecraft:tall_grass":231,"minecraft:lapis_ore":5,"bno:nether_copper_ore":3,"minecraft:purple_bed":1,"jeg:deepslate_scrap_ore":4,"minecraft:birch_planks":2,"minecraft:polished_blackstone_stairs":2,"minecraft:purple_stained_glass":2,"minecraft:sweet_berry_bush":1,"minecraft:birch_leaves":6,"minecraft:yellow_bed":2,"minecraft:coal_ore":21,"minecraft:gravel":7,"minecraft:cobweb":8,"minecraft:cracked_stone_bricks":3,"minecraft:stone_bricks":2,"minecraft:mossy_stone_bricks":4,"minecraft:fern":2},"minecraft:killed_by":{"minecraft:zombie_villager":1,"minecraft:zombie":1,"minecraft:player":1},"minecraft:killed":{"minecraft:cave_spider":19,"minecraft:spider":26,"minecraft:skeleton":47,"minecraft:silverfish":5,"minecraft:pig":37,"minecraft:zombie_villager":12,"minecraft:creeper":4,"minecraft:sheep":23,"minecraft:zombie":48,"minecraft:stray":16,"minecraft:cow":13,"hordes:zombie_player":4,"minecraft:horse":1,"iceandfire:fire_dragon":1,"minecraft:drowned":11,"minecraft:bat":1,"iceandfire:ghost":1,"minecraft:wither_skeleton":24,"minecraft:enderman":2},"minecraft:crafted":{"minecraft:oak_planks":212,"minecraft:cooked_chicken":4,"minecraft:cooked_mutton":46,"minecraft:diamond_helmet":5,"minecraft:diamond_leggings":5,"minecraft:chest":2,"sophisticatedbackpacks:backpack":2,"minecraft:cooked_porkchop":68,"minecraft:diamond_axe":1,"minecraft:crafting_table":2,"minecraft:wooden_pickaxe":1,"minecraft:baked_potato":10,"minecraft:copper_ingot":0,"minecraft:birch_planks":4,"minecraft:shield":3,"sophisticatedbackpacks:diamond_backpack":2,"minecraft:stick":36,"minecraft:iron_ingot":15,"minecraft:iron_block":6,"minecraft:stone_sword":1,"minecraft:furnace":5,"minecraft:flint_and_steel":1,"minecraft:leather":1,"minecraft:iron_axe":1,"minecraft:stone_pickaxe":1,"minecraft:diamond_boots":5,"minecraft:wheat":684,"sophisticatedbackpacks:iron_backpack":2,"minecraft:cooked_beef":38,"minecraft:iron_sword":1,"sophisticatedbackpacks:gold_backpack":2,"minecraft:air":0,"minecraft:bread":227,"minecraft:golden_apple":15,"minecraft:anvil":2,"minecraft:white_bed":1,"minecraft:torch":228,"minecraft:diamond_chestplate":5},"minecraft:dropped":{"minecraft:nether_brick_stairs":9,"minecraft:iron_sword":1,"minecraft:cooked_beef":2,"minecraft:oak_log":5,"minecraft:glow_ink_sac":6,"minecraft:diamond":113,"minecraft:crossbow":1,"iceandfire:fire_dragon_flesh":3,"minecraft:leather":2,"minecraft:cracked_stone_bricks":1,"minecraft:iron_horse_armor":1,"jeg:scrap":20,"minecraft:leather_helmet":1,"paraglider:spirit_orb":67,"minecraft:dirt":21,"tombstone:bag_of_seeds":1,"minecraft:raw_copper_block":2,"minecraft:mutton":5,"minecraft:cracked_deepslate_tiles":2,"minecraft:gold_nugget":31,"minecraft:sunflower":4,"minecraft:iron_pickaxe":2,"iceandfire:armor_silver_metal_helmet":1,"minecraft:birch_log":4,"minecraft:fishing_rod":1,"minecraft:white_wool":9,"jeg:tech_trash":3,"minecraft:gold_ingot":7,"minecraft:bone":77,"minecraft:gravel":7,"minecraft:stone_axe":1,"minecraft:golden_chestplate":3,"minecraft:cobbled_deepslate":7,"minecraft:wheat":6,"minecraft:obsidian":3,"tombstone:gift":2,"minecraft:rotten_flesh":58,"minecraft:oak_planks":27,"minecraft:cooked_mutton":3,"sophisticatedbackpacks:diamond_backpack":1,"minecraft:poppy":1,"minecraft:tipped_arrow":4,"minecraft:deepslate_tiles":4,"minecraft:gunpowder":52,"minecraft:beetroot_seeds":2,"minecraft:quartz_block":3,"minecraft:leather_boots":3,"minecraft:chainmail_boots":2,"minecraft:leather_leggings":1,"minecraft:red_nether_bricks":1,"minecraft:basalt":128,"minecraft:iron_bars":13,"minecraft:arrow":77,"minecraft:glass":1,"minecraft:stone_brick_stairs":1,"minecraft:netherrack":385,"iceandfire:manuscript":1,"minecraft:egg":2,"minecraft:bread":24,"minecraft:iron_ingot":60,"minecraft:wheat_seeds":83,"minecraft:golden_helmet":1,"minecraft:mossy_cobblestone":1,"minecraft:diamond_leggings":3,"minecraft:oak_fence":3,"scalinghealth:heart_crystal_shard":14,"minecraft:iron_helmet":1,"minecraft:cobblestone":36,"minecraft:book":18,"minecraft:apple":36,"minecraft:copper_ingot":4,"minecraft:chainmail_helmet":3,"minecraft:grass_block":38,"minecraft:coal":40,"minecraft:golden_apple":4,"minecraft:stick":2,"minecraft:gray_wool":1,"minecraft:torch":3,"iceandfire:armor_silver_metal_chestplate":2,"tombstone:grave_dust":15,"minecraft:iron_leggings":1,"minecraft:oak_stairs":12,"tacz:modern_kinetic_gun":2,"minecraft:string":12,"iceandfire:dragon_skull_fire":1,"iceandfire:silver_nugget":54,"minecraft:bricks":2,"iceandfire:dragonscales_gray":22,"minecraft:sweet_berries":1,"minecraft:stone_sword":4,"minecraft:raw_copper":66,"iceandfire:witherbone":8,"botanypots:terracotta_hopper_botany_pot":1,"minecraft:clay_ball":8,"minecraft:iron_boots":2,"sophisticatedbackpacks:backpack":1,"minecraft:stone_slab":1,"minecraft:nether_bricks":6,"minecraft:diamond_sword":3,"minecraft:potato":7,"minecraft:shield":4,"minecraft:diamond_chestplate":3,"minecraft:bundle":2,"minecraft:diamond_pickaxe":1,"minecraft:iron_chestplate":1,"minecraft:andesite":6,"iceandfire:silver_ingot":5,"minecraft:mossy_stone_bricks":2,"minecraft:yellow_bed":1,"minecraft:golden_leggings":2,"minecraft:spider_eye":6,"minecraft:stone_bricks":57,"minecraft:spruce_log":1,"minecraft:diamond_boots":1,"iceandfire:fire_dragon_heart":1,"minecraft:red_sand":1,"minecraft:bow":6,"minecraft:wooden_pickaxe":1,"minecraft:black_wool":1},"minecraft:broken":{"minecraft:diamond_helmet":4,"minecraft:diamond_boots":3,"minecraft:diamond_shovel":2,"minecraft:iron_sword":3,"minecraft:diamond_chestplate":1,"minecraft:diamond_leggings":1,"minecraft:shield":2,"minecraft:iron_pickaxe":1},"minecraft:picked_up":{"minecraft:iron_chestplate":1,"minecraft:wheat":3,"minecraft:chainmail_boots":2,"minecraft:stone_slab":1,"minecraft:diamond_sword":6,"minecraft:oak_stairs":19,"minecraft:golden_shovel":1,"minecraft:stone_brick_stairs":8,"minecraft:polished_blackstone_brick_stairs":1,"minecraft:string":65,"minecraft:raw_copper":49,"minecraft:red_nether_bricks":1,"minecraft:iron_leggings":1,"minecraft:deepslate_tiles":7,"minecraft:diamond_leggings":2,"minecraft:red_sand":1,"minecraft:gold_nugget":41,"minecraft:cobbled_deepslate":85,"minecraft:calcite":4,"minecraft:iron_pickaxe":2,"minecraft:iron_boots":1,"minecraft:furnace":6,"minecraft:tipped_arrow":5,"minecraft:golden_helmet":2,"minecraft:stick":11,"minecraft:oak_fence":3,"minecraft:torch":118,"minecraft:porkchop":100,"tombstone:grave_dust":24,"minecraft:golden_chestplate":3,"minecraft:quartz_block":25,"minecraft:nether_gold_ore":2,"minecraft:stone_sword":5,"minecraft:rotten_flesh":94,"iceandfire:fire_dragon_heart":1,"minecraft:iron_bars":77,"minecraft:cobblestone":256,"minecraft:birch_log":6,"minecraft:leather_chestplate":2,"minecraft:feather":8,"minecraft:cooked_beef":8,"minecraft:andesite":20,"minecraft:brown_wool":3,"minecraft:golden_leggings":3,"paraglider:spirit_orb":258,"minecraft:flint":1,"minecraft:tuff":17,"jeg:scrap":65,"minecraft:lapis_lazuli":48,"minecraft:dirt":6384,"minecraft:leather_boots":2,"minecraft:glass":1,"minecraft:bone":119,"minecraft:bow":9,"minecraft:wheat_seeds":93,"minecraft:cobbled_deepslate_wall":1,"botanypots:terracotta_hopper_botany_pot":1,"minecraft:mossy_stone_bricks":6,"minecraft:diamond_helmet":1,"minecraft:bamboo":5,"minecraft:oak_planks":166,"minecraft:mossy_stone_brick_stairs":9,"minecraft:cooked_porkchop":12,"iceandfire:dragonscales_sapphire":13,"iceandfire:dragon_skull_fire":1,"minecraft:sand":1585,"minecraft:stripped_spruce_log":8,"minecraft:nether_brick_stairs":21,"minecraft:grass_block":66,"minecraft:mossy_cobblestone":2,"minecraft:bundle":3,"minecraft:diamond":142,"minecraft:crossbow":2,"scalinghealth:cursed_heart":2,"minecraft:netherrack":1987,"minecraft:chorus_fruit":1,"minecraft:bricks":4,"iceandfire:silver_nugget":107,"minecraft:diamond_pickaxe":1,"minecraft:fishing_rod":1,"minecraft:coarse_dirt":1,"minecraft:crafting_table":7,"iceandfire:witherbone":12,"minecraft:chicken":1,"minecraft:clay_ball":4,"minecraft:leather_leggings":2,"minecraft:wooden_pickaxe":2,"minecraft:crimson_trapdoor":1,"iceandfire:frozen_cobblestone":5,"minecraft:shield":4,"minecraft:cornflower":1,"iceandfire:frozen_stone":12,"minecraft:wooden_sword":2,"tacz:ammo":121,"minecraft:blackstone":64,"minecraft:cracked_stone_bricks":5,"minecraft:beef":40,"minecraft:poppy":1,"iceandfire:ice_dragon_heart":2,"minecraft:raw_copper_block":4,"minecraft:egg":3,"iceandfire:dragonbone":12,"iceandfire:dragonscales_gray":22,"minecraft:copper_ingot":1,"sophisticatedbackpacks:backpack":1,"minecraft:polished_blackstone_bricks":1,"iceandfire:dragon_skull_ice":1,"minecraft:polished_granite_stairs":1,"minecraft:arrow":76,"minecraft:diamond_chestplate":1,"minecraft:nether_bricks":6,"iceandfire:dragonscales_silver":15,"minecraft:diamond_boots":2,"minecraft:hay_block":76,"minecraft:gold_ingot":7,"sophisticatedbackpacks:copper_backpack":1,"minecraft:mutton":60,"minecraft:rail":1,"minecraft:white_wool":25,"minecraft:cracked_deepslate_tiles":5,"minecraft:stripped_oak_log":3,"minecraft:air":0,"minecraft:basalt":448,"minecraft:glow_ink_sac":10,"minecraft:leather":34,"minecraft:birch_planks":2,"minecraft:oak_log":64,"scalinghealth:bandages":7,"minecraft:ancient_debris":8,"minecraft:golden_boots":1,"minecraft:yellow_bed":4,"minecraft:nether_wart_block":1,"minecraft:gunpowder":15,"scalinghealth:heart_crystal":11,"minecraft:white_banner":1,"tombstone:gift":1,"minecraft:stone_bricks":5,"minecraft:stone_pickaxe":3,"tombstone:bag_of_seeds":1,"minecraft:iron_sword":2,"iceandfire:fire_dragon_flesh":3,"jeg:tech_trash":3,"sophisticatedbackpacks:diamond_backpack":1,"minecraft:book":1,"minecraft:nether_quartz_ore":1,"scalinghealth:heart_crystal_shard":47,"minecraft:smooth_basalt":2,"minecraft:sweet_berries":1,"minecraft:quartz":149,"minecraft:dandelion":2,"minecraft:gravel":9,"minecraft:spruce_sapling":3,"minecraft:white_bed":9,"minecraft:spruce_log":3,"minecraft:spider_eye":14,"minecraft:leather_helmet":2,"minecraft:purple_bed":1,"minecraft:stone_axe":1,"tacz:modern_kinetic_gun":4,"minecraft:chainmail_leggings":1,"minecraft:iron_helmet":1,"minecraft:mossy_cobblestone_stairs":6,"minecraft:gray_wool":3,"iceandfire:ice_dragon_flesh":2,"minecraft:polished_blackstone_brick_wall":2,"tombstone:magic_scroll":3,"minecraft:black_wool":1,"minecraft:coal":134,"minecraft:sunflower":4}},"DataVersion":3465}