{"stats":{"minecraft:used":{"minecraft:cooked_mutton":3,"minecraft:flower_pot":1,"minecraft:iron_pickaxe":55,"minecraft:wooden_pickaxe":11,"minecraft:iron_sword":18,"minecraft:rotten_flesh":2,"minecraft:cobblestone":9,"minecraft:crafting_table":2,"minecraft:furnace":2,"minecraft:dark_oak_planks":2},"minecraft:killed":{"minecraft:sheep":2,"minecraft:pig":2,"hordes:zombie_player":1,"minecraft:chicken":3},"minecraft:mined":{"minecraft:light_blue_stained_glass":1,"minecraft:furnace":3,"iceandfire:silver_ore":1,"minecraft:cobblestone_wall":9,"minecraft:jungle_leaves":1,"minecraft:dark_oak_log":7,"minecraft:crafting_table":1,"minecraft:granite":2,"minecraft:grass":5,"minecraft:grass_block":1,"minecraft:coal_ore":18,"minecraft:deepslate_iron_ore":2,"minecraft:stone":2,"minecraft:spruce_leaves":1,"minecraft:stone_bricks":18,"minecraft:mossy_stone_bricks":1},"minecraft:killed_by":{"minecraft:player":1},"minecraft:crafted":{"minecraft:cooked_porkchop":4,"minecraft:crafting_table":2,"minecraft:stick":12,"minecraft:wooden_pickaxe":1,"minecraft:furnace":1,"minecraft:dark_oak_planks":28,"minecraft:air":0,"minecraft:cooked_mutton":3},"minecraft:dropped":{"iceandfire:raw_silver":1,"minecraft:feather":1},"minecraft:picked_up":{"minecraft:crafting_table":1,"minecraft:stick":30,"minecraft:raw_iron":2,"minecraft:feather":2,"minecraft:chicken":3,"explorerscompass:explorerscompass":1,"minecraft:flower_pot":1,"minecraft:wooden_pickaxe":3,"minecraft:porkchop":4,"minecraft:cobblestone_wall":7,"minecraft:dark_oak_log":7,"minecraft:dirt":4,"minecraft:dark_oak_planks":45,"minecraft:cactus":1,"minecraft:rotten_flesh":5,"minecraft:stone_bricks":15,"minecraft:wheat_seeds":3,"minecraft:granite":2,"minecraft:cooked_chicken":3,"minecraft:mossy_stone_bricks":1,"minecraft:cobblestone":2,"minecraft:mutton":3,"minecraft:coal":39,"iceandfire:raw_silver":1,"minecraft:white_wool":2,"minecraft:furnace":6},"minecraft:custom":{"minecraft:time_since_rest":14144,"minecraft:interact_with_furnace":13,"minecraft:sprint_one_cm":91957,"minecraft:walk_one_cm":89709,"minecraft:damage_taken":1200,"minecraft:mob_kills":8,"minecraft:drop":2,"minecraft:damage_dealt":544,"minecraft:swim_one_cm":10295,"minecraft:interact_with_crafting_table":3,"minecraft:fly_one_cm":175727,"minecraft:open_chest":18,"minecraft:crouch_one_cm":885,"minecraft:play_time":30810,"minecraft:deaths":3,"minecraft:sneak_time":317,"minecraft:walk_under_water_one_cm":591,"minecraft:pot_flower":1,"minecraft:jump":691,"minecraft:time_since_death":17862,"minecraft:walk_on_water_one_cm":3919,"minecraft:sleep_in_bed":2,"minecraft:total_world_time":30810,"minecraft:climb_one_cm":2746,"minecraft:fall_one_cm":12132}},"DataVersion":3465}