{"stats":{"minecraft:picked_up":{"sophisticatedbackpacks:gold_backpack":3,"minecraft:fishing_rod":2,"minecraft:allium":2,"minecraft:crafting_table":8,"minecraft:wheat":4,"iceandfire:witherbone":1,"minecraft:chainmail_boots":7,"minecraft:chicken":5,"minecraft:leather_leggings":6,"minecraft:diamond_sword":3,"minecraft:brown_mushroom":32,"minecraft:oak_stairs":9,"minecraft:potion":8,"minecraft:enchanted_book":25,"minecraft:stone_brick_stairs":10,"minecraft:shield":24,"minecraft:string":119,"minecraft:raw_copper":210,"minecraft:iron_axe":4,"minecraft:cooked_salmon":3,"minecraft:flint_and_steel":2,"minecraft:red_nether_bricks":1,"minecraft:iron_leggings":5,"minecraft:compass":2,"minecraft:iron_shovel":7,"minecraft:cracked_stone_bricks":226,"minecraft:diamond_leggings":1,"minecraft:gold_nugget":6,"minecraft:beef":14,"iceandfire:dread_shard":2,"minecraft:poppy":1,"minecraft:iron_pickaxe":11,"minecraft:egg":3,"minecraft:iron_boots":9,"minecraft:tipped_arrow":6,"minecraft:golden_helmet":6,"minecraft:stick":22,"minecraft:raw_iron":14,"minecraft:torch":1002,"sophisticatedbackpacks:backpack":15,"minecraft:porkchop":24,"minecraft:cherry_log":2,"minecraft:carrot":24,"minecraft:redstone":6,"minecraft:tnt":22,"minecraft:quartz_block":3,"minecraft:stone_sword":7,"minecraft:arrow":81,"minecraft:rotten_flesh":89,"minecraft:nether_bricks":7,"jeg:waterpipe_shotgun":6,"minecraft:gold_ingot":247,"minecraft:brick_stairs":2,"minecraft:cod":4,"minecraft:mutton":28,"minecraft:iron_bars":74,"minecraft:white_wool":30,"minecraft:cobblestone":1020,"minecraft:magma_block":1,"minecraft:leather_chestplate":2,"minecraft:feather":4,"minecraft:cooked_beef":251,"minecraft:cherry_planks":5,"minecraft:tripwire_hook":2,"minecraft:water_bucket":2,"minecraft:leather":9,"paraglider:spirit_orb":190,"minecraft:flint":29,"minecraft:oak_log":58,"minecraft:chainmail_chestplate":24,"jeg:scrap":83,"minecraft:gunpowder":73,"minecraft:paper":48,"minecraft:dirt":30,"minecraft:polished_granite":1,"jeg:grenade":2,"minecraft:name_tag":1,"minecraft:cooked_mutton":130,"minecraft:bone":50,"minecraft:apple":16,"minecraft:stone_bricks":5,"minecraft:bow":2,"minecraft:wheat_seeds":25,"minecraft:iron_ingot":114,"minecraft:stone_pickaxe":9,"minecraft:cooked_chicken":16,"minecraft:mossy_stone_bricks":15,"minecraft:diamond_helmet":1,"minecraft:glass_bottle":6,"minecraft:iron_sword":18,"minecraft:oak_planks":1154,"minecraft:soul_sand":1,"minecraft:mossy_stone_brick_stairs":2,"minecraft:book":8,"minecraft:cooked_porkchop":201,"minecraft:dandelion":1,"minecraft:gravel":7,"minecraft:sand":6,"minecraft:nether_brick_stairs":3,"minecraft:white_bed":7,"minecraft:spider_eye":5,"minecraft:mossy_cobblestone":3,"jeg:handmade_shell":53,"minecraft:soul_lantern":1,"minecraft:music_disc_mall":2,"minecraft:diamond_shovel":6,"minecraft:diamond":5,"minecraft:stone_axe":1,"minecraft:chainmail_leggings":5,"minecraft:iron_helmet":3,"minecraft:golden_apple":51,"minecraft:mossy_cobblestone_stairs":3,"minecraft:chainmail_helmet":4,"minecraft:bread":3,"minecraft:black_wool":3,"minecraft:netherrack":4,"minecraft:bricks":2,"minecraft:coal":576,"minecraft:ender_pearl":7},"minecraft:broken":{"minecraft:golden_helmet":1,"minecraft:wooden_sword":1},"minecraft:used":{"minecraft:flint_and_steel":31,"minecraft:stone_sword":173,"minecraft:chest":2,"minecraft:shield":124,"minecraft:iron_sword":396,"minecraft:cooked_chicken":5,"minecraft:torch":154,"minecraft:carrot":4,"minecraft:iron_axe":27,"minecraft:furnace":2,"minecraft:cooked_beef":24,"minecraft:cooked_mutton":26,"minecraft:oak_planks":144,"minecraft:stone_pickaxe":121,"minecraft:wooden_pickaxe":40,"minecraft:golden_apple":6,"minecraft:crafting_table":7,"minecraft:white_bed":6,"minecraft:apple":2,"minecraft:diamond_shovel":136,"minecraft:bread":2,"minecraft:iron_pickaxe":200,"minecraft:stone_axe":11,"minecraft:fishing_rod":8,"minecraft:diamond_sword":117,"minecraft:fire_charge":1,"minecraft:wooden_sword":95,"minecraft:cobblestone":127,"minecraft:cooked_porkchop":24,"minecraft:bucket":1,"jeg:waterpipe_shotgun":1},"minecraft:killed":{"minecraft:cave_spider":2,"hordes:zombie_player":10,"minecraft:spider":20,"minecraft:skeleton":21,"iceandfire:dread_thrall":1,"minecraft:chicken":5,"minecraft:drowned":4,"minecraft:pig":16,"minecraft:zombie_villager":1,"minecraft:creeper":2,"minecraft:sheep":19,"minecraft:zombie":31,"minecraft:stray":4,"iceandfire:dread_ghoul":1,"minecraft:wither_skeleton":1,"minecraft:cow":5},"minecraft:crafted":{"minecraft:cherry_planks":8,"minecraft:wooden_sword":1,"minecraft:oak_planks":160,"minecraft:fishing_rod":1,"minecraft:cooked_chicken":5,"minecraft:furnace":2,"minecraft:flint_and_steel":1,"minecraft:cooked_mutton":22,"minecraft:iron_axe":1,"minecraft:stone_pickaxe":1,"minecraft:chest":3,"sophisticatedbackpacks:iron_backpack":1,"minecraft:cooked_beef":14,"sophisticatedbackpacks:backpack":1,"minecraft:cooked_porkchop":18,"minecraft:crafting_table":4,"minecraft:wooden_pickaxe":1,"minecraft:iron_sword":1,"sophisticatedbackpacks:gold_backpack":1,"minecraft:air":0,"minecraft:shield":2,"minecraft:stick":48,"minecraft:iron_ingot":2,"minecraft:stone_sword":1,"minecraft:white_bed":1,"minecraft:torch":144},"minecraft:mined":{"minecraft:white_bed":4,"minecraft:mossy_cobblestone":1,"minecraft:cherry_log":2,"minecraft:nether_bricks":1,"minecraft:allium":1,"minecraft:grass_block":3,"iceandfire:dread_spawner":1,"minecraft:spawner":23,"minecraft:magma_block":1,"minecraft:mossy_cobblestone_stairs":1,"minecraft:iron_ore":8,"minecraft:fire":33,"minecraft:mossy_stone_brick_stairs":1,"minecraft:vine":14,"minecraft:iron_bars":23,"minecraft:packed_ice":4,"minecraft:stone":92,"jeg:scrap_ore":7,"minecraft:quartz_block":5,"minecraft:soul_lantern":1,"minecraft:dandelion":1,"minecraft:powder_snow":1,"minecraft:crafting_table":5,"minecraft:torch":5,"minecraft:poppy":1,"minecraft:copper_ore":30,"minecraft:tall_grass":76,"minecraft:cobblestone":59,"minecraft:oak_planks":13,"minecraft:wall_torch":4,"minecraft:blue_ice":1,"minecraft:ice":5,"minecraft:stone_brick_stairs":5,"minecraft:grass":144,"minecraft:oak_log":26,"minecraft:coal_ore":79,"minecraft:cherry_leaves":1,"minecraft:sand":50,"minecraft:gravel":98,"minecraft:cracked_stone_bricks":1,"minecraft:stone_bricks":2,"minecraft:fern":1},"minecraft:custom":{"minecraft:mob_kills":150,"minecraft:open_barrel":2,"minecraft:interact_with_crafting_table":21,"minecraft:eat_cake_slice":3,"minecraft:leave_game":1,"minecraft:time_since_death":19229,"minecraft:climb_one_cm":8962,"minecraft:sprint_one_cm":503681,"minecraft:walk_one_cm":734385,"minecraft:damage_blocked_by_shield":5185,"minecraft:drop":110,"minecraft:play_time":218160,"minecraft:sneak_time":9539,"minecraft:deaths":20,"minecraft:walk_under_water_one_cm":39137,"minecraft:jump":2378,"minecraft:walk_on_water_one_cm":24976,"minecraft:total_world_time":218160,"minecraft:interact_with_furnace":48,"minecraft:sleep_in_bed":5,"minecraft:time_since_rest":11078,"minecraft:damage_taken":13053,"minecraft:damage_absorbed":115,"minecraft:damage_dealt":24813,"minecraft:player_kills":14,"minecraft:swim_one_cm":32883,"minecraft:fly_one_cm":455786,"minecraft:open_chest":166,"minecraft:crouch_one_cm":30548,"minecraft:fish_caught":4,"minecraft:fall_one_cm":41698},"minecraft:dropped":{"minecraft:nether_brick_stairs":3,"minecraft:iron_ingot":29,"minecraft:iron_sword":2,"minecraft:brown_mushroom":1,"minecraft:wheat_seeds":24,"minecraft:mossy_cobblestone":1,"minecraft:glass_bottle":6,"minecraft:feather":2,"minecraft:iron_helmet":1,"minecraft:mossy_stone_brick_stairs":2,"jeg:grenade":2,"minecraft:cracked_stone_bricks":4,"minecraft:chainmail_helmet":1,"paraglider:spirit_orb":6,"minecraft:flint":3,"minecraft:stick":13,"minecraft:cherry_planks":5,"minecraft:diamond_helmet":1,"minecraft:potion":3,"jeg:waterpipe_shotgun":2,"minecraft:oak_stairs":3,"minecraft:gold_nugget":2,"minecraft:sand":6,"minecraft:mossy_cobblestone_stairs":3,"minecraft:string":2,"minecraft:tripwire_hook":1,"minecraft:fishing_rod":1,"minecraft:white_wool":5,"minecraft:dandelion":1,"minecraft:bone":6,"minecraft:gravel":4,"minecraft:bricks":1,"minecraft:stone_axe":1,"minecraft:stone_sword":1,"minecraft:raw_copper":56,"minecraft:wheat":4,"minecraft:rotten_flesh":21,"minecraft:white_bed":1,"minecraft:nether_bricks":1,"minecraft:poppy":1,"minecraft:leather_chestplate":1,"minecraft:shield":3,"minecraft:gunpowder":1,"minecraft:brick_stairs":1,"minecraft:allium":2,"minecraft:quartz_block":1,"minecraft:mossy_stone_bricks":15,"minecraft:chainmail_boots":1,"minecraft:leather_leggings":1,"minecraft:stone_bricks":1,"minecraft:arrow":55,"minecraft:iron_bars":25,"minecraft:stone_pickaxe":1,"minecraft:wooden_pickaxe":1,"minecraft:magma_block":1,"minecraft:stone_brick_stairs":8,"minecraft:netherrack":4,"minecraft:black_wool":2},"minecraft:killed_by":{"minecraft:zombie_villager":1,"minecraft:player":16,"minecraft:zombie":1}},"DataVersion":3465}