{"stats":{"minecraft:crafted":{"minecraft:oak_planks":212,"minecraft:cooked_chicken":4,"minecraft:cooked_mutton":46,"minecraft:diamond_helmet":4,"minecraft:diamond_leggings":4,"minecraft:chest":2,"sophisticatedbackpacks:backpack":2,"minecraft:cooked_porkchop":68,"minecraft:diamond_axe":1,"minecraft:crafting_table":2,"minecraft:wooden_pickaxe":1,"minecraft:baked_potato":10,"minecraft:copper_ingot":0,"minecraft:birch_planks":4,"minecraft:shield":3,"sophisticatedbackpacks:diamond_backpack":2,"minecraft:stick":36,"minecraft:iron_ingot":15,"minecraft:iron_block":3,"minecraft:stone_sword":1,"minecraft:furnace":5,"minecraft:flint_and_steel":1,"minecraft:leather":1,"minecraft:iron_axe":1,"minecraft:stone_pickaxe":1,"minecraft:diamond_boots":4,"minecraft:wheat":684,"sophisticatedbackpacks:iron_backpack":2,"minecraft:cooked_beef":38,"minecraft:iron_sword":1,"sophisticatedbackpacks:gold_backpack":2,"minecraft:air":0,"minecraft:bread":227,"minecraft:golden_apple":15,"minecraft:anvil":1,"minecraft:white_bed":1,"minecraft:torch":228,"minecraft:diamond_chestplate":4},"minecraft:picked_up":{"minecraft:iron_chestplate":1,"minecraft:wheat":3,"minecraft:chainmail_boots":2,"minecraft:stone_slab":1,"minecraft:diamond_sword":5,"minecraft:oak_stairs":19,"minecraft:golden_shovel":1,"minecraft:stone_brick_stairs":8,"minecraft:string":65,"minecraft:raw_copper":49,"minecraft:red_nether_bricks":1,"minecraft:iron_leggings":1,"minecraft:red_sand":1,"minecraft:deepslate_tiles":7,"minecraft:diamond_leggings":2,"minecraft:gold_nugget":10,"minecraft:cobbled_deepslate":85,"minecraft:calcite":4,"minecraft:iron_pickaxe":2,"minecraft:furnace":6,"minecraft:iron_boots":1,"minecraft:tipped_arrow":5,"minecraft:golden_helmet":2,"minecraft:stick":11,"minecraft:oak_fence":3,"minecraft:torch":104,"minecraft:porkchop":100,"tombstone:grave_dust":22,"minecraft:golden_chestplate":3,"minecraft:quartz_block":25,"minecraft:stone_sword":5,"minecraft:rotten_flesh":94,"iceandfire:fire_dragon_heart":1,"minecraft:iron_bars":77,"minecraft:cobblestone":229,"minecraft:birch_log":6,"minecraft:leather_chestplate":2,"minecraft:feather":8,"minecraft:cooked_beef":8,"minecraft:andesite":20,"minecraft:brown_wool":3,"minecraft:golden_leggings":3,"paraglider:spirit_orb":256,"minecraft:flint":1,"minecraft:tuff":17,"jeg:scrap":65,"minecraft:lapis_lazuli":48,"minecraft:dirt":146,"minecraft:leather_boots":2,"minecraft:bone":118,"minecraft:bow":9,"minecraft:cobbled_deepslate_wall":1,"minecraft:wheat_seeds":83,"botanypots:terracotta_hopper_botany_pot":1,"minecraft:mossy_stone_bricks":6,"minecraft:diamond_helmet":1,"minecraft:bamboo":5,"minecraft:oak_planks":166,"minecraft:mossy_stone_brick_stairs":9,"minecraft:cooked_porkchop":12,"iceandfire:dragonscales_sapphire":13,"iceandfire:dragon_skull_fire":1,"minecraft:stripped_spruce_log":8,"minecraft:nether_brick_stairs":21,"minecraft:mossy_cobblestone":2,"minecraft:bundle":2,"minecraft:diamond":142,"minecraft:crossbow":2,"scalinghealth:cursed_heart":2,"iceandfire:silver_nugget":107,"minecraft:netherrack":2,"minecraft:chorus_fruit":1,"minecraft:bricks":4,"minecraft:fishing_rod":1,"minecraft:coarse_dirt":1,"minecraft:crafting_table":7,"iceandfire:witherbone":12,"minecraft:chicken":1,"minecraft:clay_ball":4,"minecraft:leather_leggings":2,"minecraft:wooden_pickaxe":2,"iceandfire:frozen_cobblestone":5,"minecraft:shield":4,"minecraft:cornflower":1,"iceandfire:frozen_stone":12,"minecraft:wooden_sword":2,"tacz:ammo":121,"minecraft:cracked_stone_bricks":5,"minecraft:beef":40,"minecraft:poppy":1,"iceandfire:ice_dragon_heart":2,"minecraft:raw_copper_block":4,"minecraft:egg":3,"iceandfire:dragonbone":12,"iceandfire:dragonscales_gray":22,"minecraft:copper_ingot":1,"sophisticatedbackpacks:backpack":1,"iceandfire:dragon_skull_ice":1,"minecraft:polished_granite_stairs":1,"minecraft:arrow":75,"minecraft:diamond_chestplate":1,"minecraft:nether_bricks":6,"iceandfire:dragonscales_silver":15,"minecraft:diamond_boots":2,"minecraft:hay_block":76,"minecraft:gold_ingot":7,"sophisticatedbackpacks:copper_backpack":1,"minecraft:mutton":60,"minecraft:rail":1,"minecraft:white_wool":25,"minecraft:cracked_deepslate_tiles":5,"minecraft:stripped_oak_log":3,"minecraft:air":0,"minecraft:glow_ink_sac":10,"minecraft:leather":34,"minecraft:birch_planks":2,"minecraft:oak_log":64,"scalinghealth:bandages":7,"minecraft:yellow_bed":3,"minecraft:golden_boots":1,"minecraft:nether_wart_block":1,"minecraft:gunpowder":15,"scalinghealth:heart_crystal":11,"minecraft:white_banner":1,"tombstone:gift":1,"minecraft:stone_bricks":5,"minecraft:stone_pickaxe":3,"tombstone:bag_of_seeds":1,"minecraft:iron_sword":2,"iceandfire:fire_dragon_flesh":3,"jeg:tech_trash":3,"sophisticatedbackpacks:diamond_backpack":1,"minecraft:book":1,"minecraft:smooth_basalt":2,"scalinghealth:heart_crystal_shard":47,"minecraft:sweet_berries":1,"minecraft:dandelion":2,"minecraft:gravel":9,"minecraft:spruce_sapling":3,"minecraft:white_bed":9,"minecraft:spruce_log":3,"minecraft:spider_eye":14,"minecraft:leather_helmet":2,"minecraft:purple_bed":1,"minecraft:stone_axe":1,"tacz:modern_kinetic_gun":4,"minecraft:chainmail_leggings":1,"minecraft:iron_helmet":1,"minecraft:mossy_cobblestone_stairs":6,"minecraft:gray_wool":3,"iceandfire:ice_dragon_flesh":2,"tombstone:magic_scroll":3,"minecraft:black_wool":1,"minecraft:coal":95},"minecraft:killed":{"minecraft:cave_spider":19,"minecraft:spider":26,"minecraft:skeleton":46,"minecraft:silverfish":5,"minecraft:pig":37,"minecraft:zombie_villager":12,"minecraft:creeper":4,"minecraft:sheep":23,"minecraft:zombie":47,"minecraft:stray":16,"minecraft:cow":13,"hordes:zombie_player":4,"minecraft:horse":1,"iceandfire:fire_dragon":1,"minecraft:drowned":11,"minecraft:bat":1,"iceandfire:ghost":1,"minecraft:wither_skeleton":24,"minecraft:enderman":2},"minecraft:custom":{"minecraft:interact_with_crafting_table":54,"minecraft:open_barrel":27,"minecraft:bell_ring":11,"minecraft:eat_cake_slice":3,"minecraft:leave_game":8,"minecraft:time_since_death":262710,"minecraft:sprint_one_cm":1558044,"minecraft:damage_blocked_by_shield":9829,"minecraft:drop":291,"minecraft:talked_to_villager":6,"minecraft:play_time":674327,"minecraft:deaths":10,"minecraft:jump":10940,"minecraft:walk_on_water_one_cm":95733,"minecraft:interact_with_furnace":129,"minecraft:sleep_in_bed":17,"minecraft:damage_dealt":64861,"minecraft:player_kills":1,"minecraft:crouch_one_cm":59545,"tombstone:undead_killed":161,"minecraft:mob_kills":321,"minecraft:interact_with_anvil":4,"minecraft:damage_dealt_resisted":611,"minecraft:climb_one_cm":18290,"minecraft:walk_one_cm":1630352,"minecraft:damage_dealt_absorbed":39,"minecraft:sneak_time":25762,"minecraft:walk_under_water_one_cm":119257,"minecraft:total_world_time":674327,"minecraft:interact_with_stonecutter":1,"minecraft:time_since_rest":18663,"minecraft:damage_absorbed":1960,"minecraft:damage_taken":34685,"minecraft:trigger_trapped_chest":1,"minecraft:swim_one_cm":157672,"minecraft:fly_one_cm":3602627,"minecraft:open_chest":544,"minecraft:fall_one_cm":255374},"minecraft:killed_by":{"minecraft:zombie_villager":1,"minecraft:zombie":1,"minecraft:player":1},"minecraft:used":{"minecraft:shield":427,"minecraft:iron_sword":1441,"minecraft:bow":71,"minecraft:furnace":6,"minecraft:egg":1,"minecraft:potato":3,"minecraft:oak_planks":254,"minecraft:stone_pickaxe":157,"minecraft:ender_pearl":1,"minecraft:wooden_pickaxe":39,"minecraft:diamond_axe":118,"minecraft:golden_apple":55,"scalinghealth:cursed_heart":2,"minecraft:bread":232,"minecraft:diamond_sword":481,"minecraft:stone_sword":104,"minecraft:flint_and_steel":3,"minecraft:cooked_chicken":5,"minecraft:torch":438,"minecraft:dirt":97,"minecraft:anvil":1,"scalinghealth:heart_crystal":11,"minecraft:diamond_helmet":1,"minecraft:iron_axe":9,"minecraft:raw_copper_block":4,"tombstone:gift":1,"minecraft:cooked_beef":45,"minecraft:cobbled_deepslate":69,"minecraft:cooked_mutton":43,"minecraft:water_bucket":12,"minecraft:birch_planks":4,"minecraft:baked_potato":32,"minecraft:cracked_stone_bricks":61,"minecraft:tnt":2,"minecraft:crafting_table":8,"minecraft:white_bed":8,"minecraft:diamond_pickaxe":460,"minecraft:iron_pickaxe":246,"minecraft:cobblestone":92,"minecraft:purple_bed":1,"minecraft:cooked_porkchop":21,"minecraft:bucket":13,"minecraft:yellow_bed":1,"minecraft:gray_wool":1},"minecraft:mined":{"minecraft:white_bed":8,"minecraft:grass_block":3,"minecraft:coal_block":1,"minecraft:spawner":163,"minecraft:mossy_cobblestone_stairs":6,"minecraft:cobbled_deepslate":5,"minecraft:fire":3,"minecraft:nether_brick_stairs":17,"minecraft:iron_bars":76,"minecraft:quartz_block":73,"minecraft:torch":16,"minecraft:cobblestone":6,"minecraft:oak_planks":21,"minecraft:wall_torch":2,"minecraft:deepslate_copper_ore":8,"minecraft:nether_wart_block":1,"minecraft:birch_log":1,"minecraft:lilac":1,"minecraft:stone_brick_stairs":6,"minecraft:grass":326,"minecraft:cracked_deepslate_tiles":11,"minecraft:oak_log":31,"minecraft:dirt":15,"minecraft:raw_copper_block":4,"minecraft:netherrack":3,"minecraft:oak_leaves":2,"minecraft:deepslate":122,"iceandfire:chared_stone":6,"minecraft:deepslate_tiles":23,"minecraft:tuff":19,"minecraft:mossy_cobblestone":6,"minecraft:deepslate_diamond_ore":8,"minecraft:nether_bricks":7,"iceandfire:frozen_stone":2,"iceandfire:deepslate_silver_ore":1,"minecraft:spruce_leaves":2,"minecraft:large_fern":1,"minecraft:hay_block":63,"minecraft:furnace":6,"minecraft:andesite":59,"minecraft:mossy_stone_brick_stairs":9,"minecraft:vine":48,"minecraft:stone":117,"jeg:scrap_ore":16,"minecraft:dandelion":1,"minecraft:cobbled_deepslate_wall":1,"minecraft:crafting_table":7,"minecraft:cornflower":1,"minecraft:stone_slab":1,"minecraft:tall_grass":231,"minecraft:copper_ore":4,"minecraft:lapis_ore":5,"jeg:deepslate_scrap_ore":4,"minecraft:birch_planks":2,"minecraft:purple_bed":1,"minecraft:sweet_berry_bush":1,"minecraft:birch_leaves":6,"minecraft:yellow_bed":1,"minecraft:coal_ore":21,"minecraft:gravel":7,"minecraft:cobweb":8,"minecraft:cracked_stone_bricks":3,"minecraft:stone_bricks":2,"minecraft:mossy_stone_bricks":4,"minecraft:fern":2},"minecraft:broken":{"minecraft:diamond_helmet":3,"minecraft:diamond_boots":2,"minecraft:iron_sword":3,"minecraft:diamond_chestplate":1,"minecraft:diamond_leggings":1,"minecraft:shield":2,"minecraft:iron_pickaxe":1},"minecraft:dropped":{"minecraft:nether_brick_stairs":9,"minecraft:iron_sword":1,"minecraft:cooked_beef":2,"minecraft:oak_log":5,"minecraft:glow_ink_sac":6,"minecraft:diamond":113,"minecraft:crossbow":1,"iceandfire:fire_dragon_flesh":3,"minecraft:leather":2,"minecraft:iron_horse_armor":1,"minecraft:cracked_stone_bricks":1,"jeg:scrap":20,"minecraft:leather_helmet":1,"paraglider:spirit_orb":67,"minecraft:dirt":20,"tombstone:bag_of_seeds":1,"minecraft:raw_copper_block":2,"minecraft:mutton":5,"minecraft:cracked_deepslate_tiles":2,"minecraft:iron_pickaxe":2,"iceandfire:armor_silver_metal_helmet":1,"minecraft:fishing_rod":1,"minecraft:white_wool":9,"jeg:tech_trash":3,"minecraft:gold_ingot":7,"minecraft:bone":76,"minecraft:gravel":7,"minecraft:stone_axe":1,"minecraft:golden_chestplate":3,"minecraft:cobbled_deepslate":7,"minecraft:wheat":6,"tombstone:gift":2,"minecraft:rotten_flesh":58,"minecraft:oak_planks":27,"minecraft:cooked_mutton":3,"sophisticatedbackpacks:diamond_backpack":1,"minecraft:poppy":1,"minecraft:tipped_arrow":4,"minecraft:deepslate_tiles":4,"minecraft:gunpowder":52,"minecraft:beetroot_seeds":2,"minecraft:quartz_block":3,"minecraft:leather_boots":3,"minecraft:chainmail_boots":2,"minecraft:leather_leggings":1,"minecraft:red_nether_bricks":1,"minecraft:iron_bars":13,"minecraft:arrow":76,"minecraft:stone_brick_stairs":1,"minecraft:netherrack":1,"iceandfire:manuscript":1,"minecraft:egg":2,"minecraft:bread":10,"minecraft:iron_ingot":60,"minecraft:wheat_seeds":73,"minecraft:golden_helmet":1,"minecraft:mossy_cobblestone":1,"minecraft:diamond_leggings":2,"minecraft:cobblestone":9,"minecraft:oak_fence":3,"minecraft:iron_helmet":1,"scalinghealth:heart_crystal_shard":14,"minecraft:apple":18,"minecraft:copper_ingot":4,"minecraft:chainmail_helmet":3,"minecraft:coal":3,"minecraft:golden_apple":4,"minecraft:stick":2,"minecraft:gray_wool":1,"minecraft:torch":3,"iceandfire:armor_silver_metal_chestplate":2,"tombstone:grave_dust":13,"minecraft:iron_leggings":1,"minecraft:oak_stairs":12,"tacz:modern_kinetic_gun":2,"minecraft:string":12,"iceandfire:dragon_skull_fire":1,"iceandfire:silver_nugget":54,"minecraft:bricks":2,"iceandfire:dragonscales_gray":22,"minecraft:sweet_berries":1,"minecraft:stone_sword":4,"minecraft:raw_copper":42,"iceandfire:witherbone":8,"botanypots:terracotta_hopper_botany_pot":1,"minecraft:clay_ball":8,"minecraft:iron_boots":2,"sophisticatedbackpacks:backpack":1,"minecraft:stone_slab":1,"minecraft:nether_bricks":6,"minecraft:diamond_sword":2,"minecraft:potato":7,"minecraft:shield":4,"minecraft:diamond_chestplate":2,"minecraft:bundle":2,"minecraft:iron_chestplate":1,"iceandfire:silver_ingot":5,"minecraft:andesite":6,"minecraft:mossy_stone_bricks":2,"minecraft:yellow_bed":1,"minecraft:golden_leggings":2,"minecraft:spider_eye":6,"minecraft:stone_bricks":57,"minecraft:spruce_log":1,"minecraft:diamond_boots":1,"minecraft:red_sand":1,"minecraft:bow":6,"iceandfire:fire_dragon_heart":1,"minecraft:wooden_pickaxe":1,"minecraft:black_wool":1}},"DataVersion":3465}