{"stats":{"minecraft:used":{"minecraft:stone_sword":104,"minecraft:shield":84,"minecraft:iron_sword":273,"minecraft:cooked_chicken":5,"minecraft:torch":134,"scalinghealth:heart_crystal":1,"minecraft:raw_copper_block":4,"minecraft:furnace":1,"tombstone:gift":1,"minecraft:water_bucket":4,"minecraft:oak_planks":77,"minecraft:birch_planks":4,"minecraft:stone_pickaxe":157,"minecraft:baked_potato":13,"minecraft:wooden_pickaxe":39,"minecraft:golden_apple":3,"minecraft:crafting_table":5,"minecraft:white_bed":2,"minecraft:bread":29,"minecraft:iron_pickaxe":95,"minecraft:cobblestone":48,"minecraft:bucket":5,"minecraft:gray_wool":1},"minecraft:mined":{"minecraft:white_bed":2,"minecraft:mossy_cobblestone":1,"minecraft:deepslate_diamond_ore":8,"minecraft:spawner":50,"minecraft:large_fern":1,"minecraft:hay_block":6,"minecraft:furnace":1,"minecraft:nether_brick_stairs":4,"minecraft:mossy_stone_brick_stairs":1,"minecraft:vine":27,"minecraft:iron_bars":27,"minecraft:stone":97,"jeg:scrap_ore":4,"minecraft:quartz_block":35,"minecraft:dandelion":1,"minecraft:crafting_table":4,"minecraft:torch":3,"minecraft:tall_grass":28,"minecraft:cobblestone":2,"minecraft:oak_planks":2,"minecraft:wall_torch":1,"jeg:deepslate_scrap_ore":1,"minecraft:birch_planks":2,"minecraft:birch_log":1,"minecraft:lilac":1,"minecraft:birch_leaves":6,"minecraft:stone_brick_stairs":3,"minecraft:grass":34,"minecraft:coal_ore":21,"minecraft:oak_log":22,"minecraft:dirt":2,"minecraft:cobweb":6,"minecraft:raw_copper_block":4,"minecraft:deepslate":6,"minecraft:oak_leaves":2},"minecraft:crafted":{"minecraft:oak_planks":68,"minecraft:cooked_chicken":4,"minecraft:furnace":1,"minecraft:cooked_mutton":7,"minecraft:leather":1,"minecraft:stone_pickaxe":1,"minecraft:chest":2,"minecraft:wheat":63,"sophisticatedbackpacks:iron_backpack":1,"minecraft:cooked_beef":6,"sophisticatedbackpacks:backpack":2,"minecraft:cooked_porkchop":4,"minecraft:crafting_table":2,"minecraft:wooden_pickaxe":1,"minecraft:baked_potato":10,"minecraft:iron_sword":1,"sophisticatedbackpacks:gold_backpack":1,"minecraft:birch_planks":4,"minecraft:air":0,"minecraft:bread":21,"minecraft:stick":12,"minecraft:stone_sword":1,"minecraft:white_bed":1,"minecraft:torch":104},"minecraft:dropped":{"minecraft:iron_ingot":34,"minecraft:iron_sword":1,"minecraft:wheat_seeds":3,"minecraft:diamond":6,"minecraft:leather":2,"jeg:scrap":2,"minecraft:chainmail_helmet":2,"minecraft:golden_apple":1,"minecraft:raw_copper_block":2,"minecraft:string":2,"minecraft:bone":2,"minecraft:stone_sword":4,"minecraft:raw_copper":17,"minecraft:clay_ball":4,"sophisticatedbackpacks:backpack":1,"minecraft:quartz_block":3,"minecraft:yellow_bed":1,"minecraft:leather_boots":1,"minecraft:chainmail_boots":1,"minecraft:spider_eye":1,"minecraft:iron_bars":2,"minecraft:wooden_pickaxe":1},"minecraft:killed":{"minecraft:cave_spider":8,"hordes:zombie_player":1,"minecraft:spider":19,"minecraft:skeleton":11,"minecraft:pig":5,"minecraft:sheep":6,"minecraft:zombie":4,"minecraft:wither_skeleton":2,"minecraft:cow":3},"minecraft:picked_up":{"minecraft:crafting_table":5,"minecraft:chicken":1,"iceandfire:witherbone":1,"minecraft:clay_ball":4,"minecraft:leather_leggings":1,"minecraft:wooden_pickaxe":2,"minecraft:stone_brick_stairs":3,"minecraft:shield":1,"minecraft:string":46,"minecraft:wooden_sword":2,"tacz:ammo":30,"minecraft:cobbled_deepslate":9,"minecraft:beef":8,"minecraft:raw_copper_block":4,"minecraft:furnace":1,"minecraft:stick":11,"minecraft:torch":18,"minecraft:porkchop":16,"tombstone:grave_dust":2,"minecraft:quartz_block":10,"minecraft:polished_granite_stairs":1,"minecraft:stone_sword":5,"minecraft:arrow":17,"minecraft:rotten_flesh":5,"minecraft:hay_block":7,"minecraft:mutton":18,"minecraft:cobblestone":153,"minecraft:iron_bars":28,"minecraft:white_wool":6,"minecraft:birch_log":1,"minecraft:air":0,"minecraft:leather_chestplate":1,"minecraft:feather":8,"minecraft:cooked_beef":8,"minecraft:andesite":3,"minecraft:brown_wool":3,"minecraft:leather":15,"minecraft:birch_planks":2,"paraglider:spirit_orb":64,"minecraft:oak_log":26,"jeg:scrap":15,"minecraft:yellow_bed":1,"minecraft:nether_wart_block":1,"minecraft:gunpowder":10,"scalinghealth:heart_crystal":1,"minecraft:dirt":2,"minecraft:bone":16,"minecraft:bow":1,"minecraft:wheat_seeds":11,"minecraft:stone_pickaxe":3,"minecraft:mossy_stone_bricks":1,"minecraft:oak_planks":132,"minecraft:iron_sword":1,"minecraft:mossy_stone_brick_stairs":1,"minecraft:book":1,"scalinghealth:heart_crystal_shard":11,"minecraft:dandelion":2,"minecraft:stripped_spruce_log":8,"minecraft:nether_brick_stairs":4,"minecraft:white_bed":3,"minecraft:spider_eye":7,"minecraft:diamond":27,"tacz:modern_kinetic_gun":1,"minecraft:gray_wool":2,"minecraft:coal":21,"minecraft:bricks":2},"minecraft:custom":{"minecraft:mob_kills":67,"minecraft:interact_with_crafting_table":17,"minecraft:open_barrel":27,"minecraft:leave_game":2,"minecraft:time_since_death":127089,"minecraft:climb_one_cm":7043,"minecraft:sprint_one_cm":457305,"minecraft:walk_one_cm":416970,"minecraft:damage_blocked_by_shield":3475,"minecraft:drop":39,"minecraft:play_time":169953,"minecraft:deaths":9,"minecraft:sneak_time":9793,"minecraft:walk_under_water_one_cm":4040,"minecraft:jump":1809,"minecraft:walk_on_water_one_cm":6441,"minecraft:total_world_time":169953,"minecraft:interact_with_furnace":35,"minecraft:interact_with_stonecutter":1,"minecraft:sleep_in_bed":3,"minecraft:time_since_rest":126719,"minecraft:damage_taken":6577,"minecraft:damage_absorbed":121,"minecraft:damage_dealt":10699,"minecraft:player_kills":1,"minecraft:swim_one_cm":4397,"minecraft:fly_one_cm":392744,"minecraft:open_chest":178,"minecraft:crouch_one_cm":18507,"tombstone:undead_killed":18,"minecraft:fall_one_cm":33148},"minecraft:killed_by":{"minecraft:zombie_villager":1,"minecraft:player":1,"minecraft:zombie":1}},"DataVersion":3465}