{"stats":{"minecraft:used":{"minecraft:crafting_table":1,"minecraft:wooden_pickaxe":11},"minecraft:killed":{"hordes:zombie_player":1},"minecraft:mined":{"minecraft:light_blue_stained_glass":1,"minecraft:grass":2,"minecraft:grass_block":1,"minecraft:furnace":1,"minecraft:jungle_leaves":1,"minecraft:dark_oak_log":7},"minecraft:killed_by":{"minecraft:player":1},"minecraft:crafted":{"minecraft:dark_oak_planks":28,"minecraft:crafting_table":1,"minecraft:stick":12,"minecraft:wooden_pickaxe":1},"minecraft:picked_up":{"minecraft:stick":20,"minecraft:rotten_flesh":2,"minecraft:wheat_seeds":2,"minecraft:wooden_pickaxe":2,"minecraft:dark_oak_log":7,"minecraft:dirt":3,"minecraft:dark_oak_planks":30,"minecraft:furnace":3},"minecraft:custom":{"minecraft:time_since_rest":1255,"minecraft:open_chest":1,"minecraft:crouch_one_cm":522,"minecraft:play_time":12810,"minecraft:sprint_one_cm":25811,"minecraft:deaths":2,"minecraft:damage_taken":1117,"minecraft:walk_one_cm":48894,"minecraft:sneak_time":201,"minecraft:mob_kills":1,"minecraft:jump":171,"minecraft:damage_dealt":65,"minecraft:walk_on_water_one_cm":326,"minecraft:time_since_death":1232,"minecraft:climb_one_cm":899,"minecraft:total_world_time":12810,"minecraft:interact_with_crafting_table":1,"minecraft:fall_one_cm":2065,"minecraft:fly_one_cm":27476}},"DataVersion":3465}