{"stats":{"minecraft:killed_by":{"minecraft:zombie_villager":1,"minecraft:player":1,"minecraft:zombie":1},"minecraft:mined":{"minecraft:white_bed":6,"minecraft:mossy_cobblestone":5,"minecraft:deepslate_diamond_ore":8,"minecraft:nether_bricks":3,"minecraft:spawner":119,"minecraft:large_fern":1,"minecraft:hay_block":63,"minecraft:furnace":1,"minecraft:mossy_cobblestone_stairs":5,"minecraft:andesite":8,"minecraft:nether_brick_stairs":12,"minecraft:mossy_stone_brick_stairs":6,"minecraft:vine":43,"minecraft:iron_bars":52,"minecraft:stone":98,"jeg:scrap_ore":4,"minecraft:quartz_block":57,"minecraft:dandelion":1,"minecraft:cornflower":1,"minecraft:crafting_table":6,"minecraft:torch":10,"minecraft:stone_slab":1,"minecraft:copper_ore":4,"minecraft:tall_grass":119,"minecraft:cobblestone":5,"minecraft:oak_planks":19,"minecraft:wall_torch":1,"jeg:deepslate_scrap_ore":1,"minecraft:birch_planks":2,"minecraft:birch_log":1,"minecraft:lilac":1,"minecraft:birch_leaves":6,"minecraft:stone_brick_stairs":5,"minecraft:grass":175,"minecraft:coal_ore":21,"minecraft:oak_log":22,"minecraft:gravel":1,"minecraft:dirt":2,"minecraft:cobweb":7,"minecraft:cracked_stone_bricks":2,"minecraft:raw_copper_block":4,"minecraft:stone_bricks":1,"minecraft:netherrack":1,"minecraft:mossy_stone_bricks":3,"minecraft:oak_leaves":2,"minecraft:deepslate":12},"minecraft:crafted":{"minecraft:oak_planks":88,"minecraft:cooked_chicken":4,"minecraft:furnace":1,"minecraft:cooked_mutton":7,"minecraft:diamond_helmet":1,"minecraft:diamond_leggings":1,"minecraft:leather":1,"minecraft:stone_pickaxe":1,"minecraft:chest":2,"minecraft:diamond_boots":1,"sophisticatedbackpacks:iron_backpack":1,"minecraft:wheat":576,"minecraft:cooked_beef":6,"sophisticatedbackpacks:backpack":2,"minecraft:cooked_porkchop":4,"minecraft:diamond_axe":1,"minecraft:crafting_table":2,"minecraft:wooden_pickaxe":1,"minecraft:baked_potato":10,"minecraft:iron_sword":1,"sophisticatedbackpacks:gold_backpack":1,"minecraft:birch_planks":4,"minecraft:air":0,"minecraft:bread":191,"minecraft:golden_apple":3,"minecraft:shield":2,"minecraft:stick":16,"minecraft:iron_ingot":15,"minecraft:stone_sword":1,"minecraft:white_bed":1,"minecraft:torch":128,"minecraft:diamond_chestplate":1},"minecraft:broken":{"minecraft:diamond_helmet":1,"minecraft:shield":1,"minecraft:iron_sword":1,"minecraft:iron_pickaxe":1},"minecraft:picked_up":{"minecraft:fishing_rod":1,"minecraft:iron_chestplate":1,"minecraft:crafting_table":7,"minecraft:wheat":3,"minecraft:chicken":1,"minecraft:chainmail_boots":2,"iceandfire:witherbone":12,"minecraft:clay_ball":4,"minecraft:leather_leggings":2,"minecraft:stone_slab":1,"minecraft:wooden_pickaxe":2,"minecraft:oak_stairs":4,"minecraft:golden_shovel":1,"minecraft:stone_brick_stairs":5,"minecraft:shield":3,"minecraft:cornflower":1,"minecraft:string":53,"minecraft:raw_copper":25,"minecraft:wooden_sword":2,"minecraft:red_nether_bricks":1,"minecraft:iron_leggings":1,"tacz:ammo":30,"minecraft:cracked_stone_bricks":1,"minecraft:diamond_leggings":2,"minecraft:cobbled_deepslate":15,"minecraft:beef":8,"minecraft:iron_pickaxe":2,"minecraft:egg":2,"minecraft:raw_copper_block":4,"minecraft:furnace":1,"minecraft:tipped_arrow":5,"minecraft:golden_helmet":2,"minecraft:stick":11,"iceandfire:dragonbone":5,"iceandfire:dragonscales_gray":22,"minecraft:copper_ingot":1,"minecraft:torch":30,"minecraft:porkchop":16,"tombstone:grave_dust":17,"minecraft:golden_chestplate":3,"minecraft:diamond_chestplate":1,"minecraft:quartz_block":21,"minecraft:polished_granite_stairs":1,"minecraft:stone_sword":5,"minecraft:arrow":50,"minecraft:rotten_flesh":33,"minecraft:nether_bricks":6,"minecraft:diamond_boots":2,"minecraft:hay_block":64,"iceandfire:fire_dragon_heart":1,"minecraft:gold_ingot":7,"minecraft:mutton":18,"minecraft:iron_bars":55,"minecraft:rail":1,"minecraft:white_wool":6,"minecraft:cobblestone":156,"minecraft:birch_log":1,"minecraft:leather_chestplate":2,"minecraft:air":0,"minecraft:feather":8,"minecraft:cooked_beef":8,"minecraft:andesite":9,"minecraft:leather":15,"minecraft:brown_wool":3,"minecraft:golden_leggings":2,"minecraft:birch_planks":2,"paraglider:spirit_orb":186,"minecraft:oak_log":31,"scalinghealth:bandages":2,"jeg:scrap":15,"minecraft:golden_boots":1,"minecraft:yellow_bed":1,"minecraft:nether_wart_block":1,"minecraft:gunpowder":12,"scalinghealth:heart_crystal":8,"minecraft:dirt":2,"tombstone:gift":1,"minecraft:leather_boots":2,"minecraft:bone":95,"minecraft:stone_bricks":1,"minecraft:bow":5,"minecraft:wheat_seeds":38,"minecraft:stone_pickaxe":3,"minecraft:mossy_stone_bricks":5,"minecraft:diamond_helmet":1,"minecraft:oak_planks":149,"minecraft:iron_sword":1,"iceandfire:fire_dragon_flesh":3,"minecraft:mossy_stone_brick_stairs":6,"minecraft:book":1,"scalinghealth:heart_crystal_shard":22,"minecraft:cooked_porkchop":12,"minecraft:dandelion":2,"minecraft:gravel":1,"iceandfire:dragon_skull_fire":1,"minecraft:stripped_spruce_log":8,"minecraft:nether_brick_stairs":13,"minecraft:white_bed":7,"minecraft:spider_eye":8,"minecraft:mossy_cobblestone":1,"minecraft:leather_helmet":1,"minecraft:bundle":2,"minecraft:diamond":27,"tacz:modern_kinetic_gun":1,"minecraft:chainmail_leggings":1,"minecraft:iron_helmet":1,"minecraft:crossbow":2,"minecraft:mossy_cobblestone_stairs":4,"minecraft:gray_wool":2,"tombstone:magic_scroll":2,"minecraft:bricks":2,"minecraft:coal":31},"minecraft:used":{"minecraft:stone_sword":104,"minecraft:shield":146,"minecraft:iron_sword":856,"minecraft:cooked_chicken":5,"minecraft:torch":275,"scalinghealth:heart_crystal":8,"minecraft:raw_copper_block":4,"minecraft:bow":41,"minecraft:furnace":1,"tombstone:gift":1,"minecraft:water_bucket":4,"minecraft:baked_potato":13,"minecraft:birch_planks":4,"minecraft:oak_planks":138,"minecraft:stone_pickaxe":157,"minecraft:wooden_pickaxe":39,"minecraft:diamond_axe":116,"minecraft:golden_apple":15,"minecraft:crafting_table":7,"minecraft:white_bed":6,"minecraft:diamond_pickaxe":52,"minecraft:bread":137,"minecraft:iron_pickaxe":246,"minecraft:diamond_sword":7,"minecraft:cobblestone":56,"minecraft:bucket":5,"minecraft:gray_wool":1},"minecraft:killed":{"minecraft:cave_spider":12,"hordes:zombie_player":1,"minecraft:spider":22,"minecraft:skeleton":26,"iceandfire:fire_dragon":1,"minecraft:silverfish":5,"minecraft:drowned":4,"minecraft:pig":9,"minecraft:zombie_villager":6,"minecraft:bat":1,"minecraft:creeper":2,"minecraft:sheep":6,"minecraft:zombie":18,"minecraft:stray":14,"minecraft:wither_skeleton":22,"minecraft:cow":3},"minecraft:custom":{"minecraft:mob_kills":171,"minecraft:interact_with_crafting_table":28,"minecraft:open_barrel":27,"minecraft:bell_ring":11,"minecraft:eat_cake_slice":3,"minecraft:leave_game":5,"minecraft:time_since_death":281772,"minecraft:climb_one_cm":15674,"minecraft:sprint_one_cm":893951,"minecraft:walk_one_cm":866493,"minecraft:damage_blocked_by_shield":4697,"minecraft:drop":139,"minecraft:talked_to_villager":5,"minecraft:play_time":324636,"minecraft:sneak_time":11813,"minecraft:deaths":9,"minecraft:walk_under_water_one_cm":22136,"minecraft:jump":4522,"minecraft:walk_on_water_one_cm":19630,"minecraft:total_world_time":324636,"minecraft:interact_with_furnace":48,"minecraft:interact_with_stonecutter":1,"minecraft:sleep_in_bed":8,"minecraft:time_since_rest":3622,"minecraft:damage_taken":12733,"minecraft:damage_absorbed":419,"minecraft:damage_dealt":30027,"minecraft:player_kills":1,"minecraft:swim_one_cm":34599,"minecraft:fly_one_cm":1095357,"minecraft:open_chest":333,"minecraft:crouch_one_cm":23950,"tombstone:undead_killed":91,"minecraft:fall_one_cm":85721},"minecraft:dropped":{"minecraft:nether_brick_stairs":1,"minecraft:iron_ingot":34,"minecraft:iron_sword":1,"minecraft:wheat_seeds":29,"minecraft:golden_helmet":1,"minecraft:mossy_cobblestone":1,"minecraft:diamond":7,"minecraft:diamond_leggings":1,"minecraft:crossbow":1,"minecraft:iron_helmet":1,"iceandfire:fire_dragon_flesh":3,"minecraft:leather":2,"jeg:scrap":20,"minecraft:chainmail_helmet":3,"minecraft:coal":3,"minecraft:leather_helmet":1,"minecraft:golden_apple":1,"minecraft:raw_copper_block":2,"minecraft:torch":1,"tombstone:grave_dust":10,"minecraft:iron_leggings":1,"minecraft:iron_pickaxe":2,"minecraft:string":3,"minecraft:fishing_rod":1,"iceandfire:dragon_skull_fire":1,"minecraft:gold_ingot":7,"minecraft:bone":52,"minecraft:gravel":1,"iceandfire:dragonscales_gray":22,"minecraft:golden_chestplate":3,"minecraft:stone_sword":4,"minecraft:cobbled_deepslate":6,"minecraft:raw_copper":17,"minecraft:wheat":6,"tombstone:gift":1,"iceandfire:witherbone":8,"minecraft:rotten_flesh":9,"minecraft:clay_ball":4,"minecraft:iron_boots":1,"sophisticatedbackpacks:backpack":1,"minecraft:stone_slab":1,"minecraft:nether_bricks":6,"minecraft:tipped_arrow":4,"minecraft:shield":3,"minecraft:gunpowder":31,"minecraft:diamond_chestplate":1,"minecraft:bundle":2,"minecraft:iron_chestplate":1,"minecraft:andesite":6,"minecraft:quartz_block":3,"minecraft:mossy_stone_bricks":2,"minecraft:yellow_bed":1,"minecraft:leather_boots":3,"minecraft:golden_leggings":2,"minecraft:chainmail_boots":2,"minecraft:leather_leggings":1,"minecraft:spider_eye":1,"minecraft:stone_bricks":57,"minecraft:diamond_boots":1,"iceandfire:fire_dragon_heart":1,"minecraft:red_nether_bricks":1,"minecraft:iron_bars":7,"minecraft:arrow":71,"minecraft:bow":2,"minecraft:wooden_pickaxe":1,"iceandfire:manuscript":1,"minecraft:egg":2}},"DataVersion":3465}