{"stats":{"minecraft:custom":{"minecraft:mob_kills":51,"minecraft:interact_with_crafting_table":3,"minecraft:leave_game":2,"minecraft:time_since_death":5285,"minecraft:climb_one_cm":3000,"minecraft:time_since_rest":5060,"minecraft:sprint_one_cm":322887,"minecraft:damage_taken":19366,"minecraft:walk_one_cm":456952,"minecraft:drop":85,"minecraft:damage_dealt":10580,"minecraft:damage_dealt_absorbed":160,"minecraft:swim_one_cm":2915,"minecraft:player_kills":6,"minecraft:fly_one_cm":426476,"minecraft:open_chest":32,"minecraft:crouch_one_cm":43392,"minecraft:play_time":165746,"tombstone:undead_killed":7,"minecraft:deaths":62,"minecraft:sneak_time":14409,"minecraft:walk_under_water_one_cm":190,"minecraft:jump":3159,"minecraft:walk_on_water_one_cm":406,"minecraft:total_world_time":165746,"minecraft:fall_one_cm":95218},"minecraft:killed":{"minecraft:magma_cube":13,"minecraft:piglin":3,"minecraft:zombified_piglin":4,"minecraft:hoglin":4,"minecraft:skeleton":1,"minecraft:wither_skeleton":2,"minecraft:piglin_brute":5,"minecraft:enderman":4,"minecraft:blaze":5},"minecraft:picked_up":{"minecraft:crafting_table":2,"minecraft:basalt":21,"minecraft:leather":19,"minecraft:gold_block":37,"minecraft:potion":2,"minecraft:golden_sword":1,"minecraft:polished_blackstone_brick_stairs":2,"minecraft:string":6,"minecraft:twisting_vines":2,"minecraft:leather_boots":2,"minecraft:bone":2,"minecraft:blackstone":42,"minecraft:gold_nugget":1,"minecraft:warped_stem":17,"tombstone:bag_of_seeds":1,"minecraft:soul_sand":11,"minecraft:warped_fungus":1,"minecraft:cooked_porkchop":14,"minecraft:quartz":4,"minecraft:warped_wart_block":6,"minecraft:fire_charge":2,"minecraft:porkchop":2,"minecraft:polished_blackstone_bricks":94,"tombstone:grave_dust":2,"minecraft:crying_obsidian":7,"minecraft:spectral_arrow":6,"minecraft:dark_oak_log":1,"minecraft:quartz_block":2,"minecraft:nether_gold_ore":1,"minecraft:arrow":2,"minecraft:rotten_flesh":3,"minecraft:nether_bricks":4,"minecraft:polished_basalt":3,"minecraft:cracked_polished_blackstone_bricks":58,"minecraft:golden_apple":1,"minecraft:gold_ingot":13,"minecraft:warped_roots":4,"minecraft:warped_nylium":5,"minecraft:blaze_rod":2,"minecraft:netherrack":170,"minecraft:obsidian":2,"minecraft:coal":2,"minecraft:crimson_roots":4,"minecraft:ender_pearl":2},"minecraft:killed_by":{"minecraft:ghast":2,"minecraft:piglin":6,"minecraft:zombified_piglin":1,"minecraft:hoglin":3,"minecraft:wither_skeleton":4,"minecraft:piglin_brute":19,"minecraft:blaze":3,"minecraft:magma_cube":2},"minecraft:used":{"minecraft:bone_block":3,"minecraft:blackstone":41,"minecraft:wooden_pickaxe":118,"minecraft:iron_sword":71,"minecraft:netherrack":148,"minecraft:polished_blackstone_bricks":93,"minecraft:crafting_table":2,"minecraft:nether_bricks":4,"minecraft:carrot":6,"minecraft:crossbow":7,"minecraft:warped_planks":50,"minecraft:diamond_pickaxe":334,"minecraft:dark_oak_log":1,"minecraft:cracked_polished_blackstone_bricks":47,"minecraft:bread":7,"minecraft:wooden_sword":46,"minecraft:basalt":20,"minecraft:golden_sword":2,"minecraft:diamond_sword":115,"minecraft:golden_carrot":3,"minecraft:cooked_porkchop":6,"tombstone:gift":3},"minecraft:broken":{"minecraft:golden_sword":1,"minecraft:golden_boots":1,"minecraft:wooden_pickaxe":2,"minecraft:golden_leggings":1},"minecraft:mined":{"minecraft:quartz_block":2,"minecraft:blackstone":30,"minecraft:twisting_vines_plant":1,"minecraft:crimson_nylium":1,"minecraft:basalt":20,"minecraft:dark_oak_log":1,"minecraft:crafting_table":2,"minecraft:nether_bricks":4,"minecraft:acacia_log":1,"minecraft:warped_roots":2,"minecraft:crimson_roots":6,"minecraft:cracked_polished_blackstone_bricks":60,"minecraft:nether_quartz_ore":2,"minecraft:polished_blackstone_brick_stairs":2,"minecraft:warped_wart_block":4,"minecraft:spawner":3,"minecraft:polished_blackstone_bricks":96,"minecraft:weeping_vines_plant":1,"minecraft:fire":17,"minecraft:nether_sprouts":1,"minecraft:polished_basalt":2,"minecraft:gold_block":37,"minecraft:warped_stem":17,"minecraft:netherrack":185},"minecraft:dropped":{"minecraft:golden_boots":1,"minecraft:iron_sword":2,"minecraft:warped_nylium":5,"minecraft:warped_fungus":1,"minecraft:golden_chestplate":1,"minecraft:twisting_vines":2,"minecraft:diamond_leggings":1,"minecraft:cooked_porkchop":8,"minecraft:experience_bottle":1,"minecraft:wheat":1,"minecraft:rotten_flesh":4,"minecraft:warped_roots":3,"minecraft:spectral_arrow":6,"minecraft:nether_bricks":1,"minecraft:coal":2,"minecraft:iron_block":1,"tombstone:bag_of_seeds":1,"minecraft:nether_gold_ore":1,"minecraft:polished_blackstone_brick_stairs":1,"minecraft:quartz_block":2,"minecraft:crimson_roots":4,"minecraft:leather_boots":2,"tombstone:grave_dust":4,"minecraft:fire_charge":2,"minecraft:gold_nugget":2,"minecraft:basalt":1,"minecraft:polished_blackstone_bricks":1,"minecraft:polished_basalt":3,"minecraft:warped_wart_block":2,"minecraft:magma_cream":5,"minecraft:crying_obsidian":4,"minecraft:quartz":2,"minecraft:string":6,"minecraft:gold_ingot":36},"minecraft:crafted":{"minecraft:wooden_sword":1,"minecraft:golden_chestplate":1,"minecraft:crafting_table":1,"minecraft:wooden_pickaxe":2,"minecraft:bread":1,"minecraft:warped_planks":68,"minecraft:golden_leggings":1,"minecraft:stick":12,"minecraft:gold_ingot":126,"minecraft:golden_boots":1}},"DataVersion":3465}