{"stats":{"minecraft:custom":{"minecraft:jump":107,"minecraft:open_chest":2,"minecraft:time_since_rest":440,"minecraft:deaths":1,"minecraft:walk_on_water_one_cm":406,"minecraft:sprint_one_cm":21797,"minecraft:leave_game":1,"minecraft:play_time":4837,"minecraft:damage_taken":130,"minecraft:time_since_death":870,"minecraft:walk_one_cm":12545,"minecraft:sneak_time":14,"minecraft:total_world_time":4837,"minecraft:walk_under_water_one_cm":190,"minecraft:swim_one_cm":2915,"minecraft:fall_one_cm":3238,"minecraft:fly_one_cm":33054},"minecraft:mined":{"minecraft:acacia_log":1}},"DataVersion":3465}