{"stats":{"minecraft:custom":{"minecraft:jump":439,"minecraft:open_chest":2,"minecraft:time_since_rest":2772,"minecraft:crouch_one_cm":5061,"minecraft:damage_dealt":40,"minecraft:deaths":5,"minecraft:walk_on_water_one_cm":406,"minecraft:sprint_one_cm":30116,"minecraft:leave_game":1,"minecraft:play_time":16837,"minecraft:damage_taken":1200,"minecraft:time_since_death":3423,"minecraft:walk_one_cm":55559,"minecraft:sneak_time":1323,"minecraft:total_world_time":16837,"minecraft:walk_under_water_one_cm":190,"minecraft:swim_one_cm":2915,"minecraft:fall_one_cm":12405,"minecraft:fly_one_cm":50805},"minecraft:mined":{"minecraft:acacia_log":1}},"DataVersion":3465}