{"stats":{"minecraft:killed":{"minecraft:magma_cube":1,"minecraft:piglin":3,"minecraft:zombified_piglin":1,"minecraft:piglin_brute":1,"minecraft:hoglin":1},"minecraft:custom":{"minecraft:time_since_rest":2393,"minecraft:sprint_one_cm":121144,"minecraft:damage_taken":8434,"minecraft:walk_one_cm":211070,"minecraft:mob_kills":13,"minecraft:drop":3,"minecraft:damage_dealt":1724,"minecraft:interact_with_crafting_table":1,"minecraft:swim_one_cm":2915,"minecraft:fly_one_cm":170893,"minecraft:player_kills":2,"minecraft:open_chest":9,"minecraft:crouch_one_cm":22283,"minecraft:play_time":76837,"tombstone:undead_killed":1,"minecraft:deaths":27,"minecraft:sneak_time":8120,"minecraft:walk_under_water_one_cm":190,"minecraft:jump":1510,"minecraft:leave_game":1,"minecraft:walk_on_water_one_cm":406,"minecraft:time_since_death":2713,"minecraft:total_world_time":76837,"minecraft:fall_one_cm":51892},"minecraft:picked_up":{"minecraft:crafting_table":1,"minecraft:basalt":1,"minecraft:leather":1,"minecraft:gold_block":12,"minecraft:porkchop":2,"minecraft:polished_blackstone_bricks":58,"minecraft:golden_sword":1,"minecraft:dark_oak_log":1,"minecraft:quartz_block":2,"minecraft:leather_boots":2,"minecraft:blackstone":30,"minecraft:gold_nugget":1,"minecraft:warped_stem":17,"minecraft:cracked_polished_blackstone_bricks":35,"minecraft:warped_roots":1,"minecraft:netherrack":6},"minecraft:killed_by":{"minecraft:ghast":2,"minecraft:piglin":1,"minecraft:hoglin":2,"minecraft:piglin_brute":10},"minecraft:used":{"minecraft:diamond_pickaxe":29,"minecraft:dark_oak_log":1,"minecraft:bone_block":3,"minecraft:cracked_polished_blackstone_bricks":25,"minecraft:blackstone":29,"minecraft:wooden_pickaxe":118,"minecraft:netherrack":6,"minecraft:diamond_sword":1,"minecraft:polished_blackstone_bricks":56,"minecraft:golden_sword":2,"minecraft:wooden_sword":46,"minecraft:crafting_table":1,"tombstone:gift":3,"minecraft:warped_planks":37},"minecraft:broken":{"minecraft:golden_sword":1,"minecraft:wooden_pickaxe":2},"minecraft:dropped":{"minecraft:leather_boots":2,"minecraft:gold_nugget":1},"minecraft:mined":{"minecraft:polished_blackstone_bricks":59,"minecraft:quartz_block":2,"minecraft:blackstone":30,"minecraft:nether_sprouts":1,"minecraft:fire":6,"minecraft:basalt":1,"minecraft:dark_oak_log":1,"minecraft:gold_block":12,"minecraft:crafting_table":1,"minecraft:acacia_log":1,"minecraft:warped_roots":1,"minecraft:cracked_polished_blackstone_bricks":35,"minecraft:warped_stem":17,"minecraft:netherrack":6,"minecraft:spawner":1},"minecraft:crafted":{"minecraft:warped_planks":68,"minecraft:wooden_sword":1,"minecraft:crafting_table":1,"minecraft:stick":12,"minecraft:wooden_pickaxe":2}},"DataVersion":3465}