{"stats":{"minecraft:killed_by":{"minecraft:player":1,"minecraft:zombie":1},"minecraft:mined":{"minecraft:spruce_planks":1,"minecraft:crafting_table":1,"minecraft:grass_block":1,"minecraft:oak_planks":1,"minecraft:coarse_dirt":20,"paraglider:horned_statue":1,"minecraft:iron_ore":3,"minecraft:sweet_berry_bush":5,"minecraft:grass":1,"minecraft:coal_ore":19,"minecraft:oak_log":12,"minecraft:dirt":2,"minecraft:cobweb":1,"minecraft:stone":5,"minecraft:fern":3},"minecraft:crafted":{"minecraft:oak_planks":72,"minecraft:crafting_table":2,"minecraft:wooden_pickaxe":1,"minecraft:iron_helmet":1,"minecraft:iron_sword":1,"minecraft:furnace":1,"minecraft:iron_boots":1,"minecraft:iron_chestplate":1,"minecraft:stick":4,"minecraft:iron_leggings":1,"minecraft:torch":4},"minecraft:broken":{"minecraft:stone_axe":1},"minecraft:picked_up":{"minecraft:iron_chestplate":1,"minecraft:crafting_table":2,"minecraft:coarse_dirt":25,"minecraft:chicken":1,"minecraft:leather":8,"minecraft:oak_stairs":2,"minecraft:potato":3,"minecraft:enchanted_book":2,"minecraft:potion":2,"minecraft:oak_log":30,"scalinghealth:bandages":12,"tombstone:grave_key":1,"minecraft:dirt":10,"minecraft:string":2,"minecraft:name_tag":2,"minecraft:iron_leggings":1,"minecraft:leather_boots":1,"minecraft:bone":3,"minecraft:stone_bricks":1,"minecraft:bow":2,"minecraft:wheat_seeds":1,"minecraft:spruce_planks":1,"minecraft:beef":15,"minecraft:iron_ingot":43,"minecraft:stone_pickaxe":2,"minecraft:cobweb":1,"minecraft:poppy":1,"minecraft:melon_slice":8,"minecraft:oak_planks":20,"jeg:tech_trash":6,"minecraft:iron_boots":1,"minecraft:egg":4,"minecraft:stick":12,"minecraft:raw_iron":9,"minecraft:sandstone":30,"minecraft:sweet_berries":13,"minecraft:torch":2,"minecraft:porkchop":11,"minecraft:sand":8,"tombstone:grave_dust":4,"minecraft:tnt":2,"minecraft:arrow":7,"minecraft:rotten_flesh":22,"minecraft:diamond":64,"minecraft:stone_axe":2,"minecraft:iron_helmet":1,"minecraft:golden_apple":1,"minecraft:chainmail_helmet":2,"tombstone:magic_scroll":2,"paraglider:horned_statue":3,"minecraft:chorus_fruit":1,"minecraft:coal":19,"minecraft:bricks":8,"minecraft:cobblestone":51},"minecraft:used":{"minecraft:chorus_fruit":1,"minecraft:stone_pickaxe":28,"minecraft:oak_planks":4,"minecraft:spruce_planks":1,"minecraft:iron_sword":1,"minecraft:chainmail_helmet":1,"minecraft:leather_boots":1,"minecraft:rotten_flesh":16,"minecraft:torch":9,"minecraft:golden_apple":1,"minecraft:dirt":2,"minecraft:crafting_table":3,"minecraft:melon_slice":4,"minecraft:stone_axe":72,"minecraft:bow":4,"minecraft:furnace":1,"tombstone:gift":1,"minecraft:potato":1,"minecraft:coarse_dirt":5,"minecraft:cobweb":3},"minecraft:killed":{"minecraft:pig":6,"minecraft:zombie_villager":1,"minecraft:spider":1,"minecraft:skeleton":2,"minecraft:zombie":4,"minecraft:chicken":1,"minecraft:cow":7},"minecraft:custom":{"minecraft:interact_with_furnace":1,"minecraft:mob_kills":22,"minecraft:interact_with_crafting_table":8,"minecraft:leave_game":1,"minecraft:time_since_death":12895,"minecraft:time_since_rest":10714,"minecraft:sprint_one_cm":175828,"minecraft:walk_one_cm":113483,"minecraft:damage_taken":2949,"minecraft:damage_absorbed":180,"minecraft:drop":7,"minecraft:damage_dealt":4282,"tombstone:cast_on_ally":1,"minecraft:swim_one_cm":18975,"minecraft:fly_one_cm":427499,"minecraft:open_chest":60,"minecraft:crouch_one_cm":2047,"minecraft:play_time":52786,"tombstone:undead_killed":7,"minecraft:deaths":5,"minecraft:sneak_time":861,"minecraft:walk_under_water_one_cm":2838,"minecraft:jump":1615,"minecraft:walk_on_water_one_cm":3106,"minecraft:total_world_time":52786,"minecraft:fall_one_cm":33146},"minecraft:dropped":{"minecraft:diamond":64,"minecraft:chainmail_helmet":2,"tombstone:grave_key":2,"minecraft:leather_boots":1,"minecraft:egg":1}},"DataVersion":3465}