{"stats":{"minecraft:killed_by":{"minecraft:player":1,"minecraft:zombie":1},"minecraft:mined":{"minecraft:spruce_planks":1,"minecraft:crafting_table":1,"minecraft:oak_planks":1,"minecraft:coarse_dirt":4,"paraglider:horned_statue":1,"minecraft:iron_ore":3,"minecraft:grass":1,"minecraft:oak_log":12,"minecraft:dirt":2},"minecraft:crafted":{"minecraft:oak_planks":48,"minecraft:crafting_table":1,"minecraft:wooden_pickaxe":1,"minecraft:iron_helmet":1,"minecraft:iron_boots":1,"minecraft:iron_chestplate":1,"minecraft:stick":4,"minecraft:iron_leggings":1},"minecraft:picked_up":{"minecraft:crafting_table":1,"minecraft:coarse_dirt":6,"minecraft:oak_stairs":2,"minecraft:potato":2,"minecraft:enchanted_book":1,"minecraft:potion":1,"minecraft:oak_log":24,"scalinghealth:bandages":7,"tombstone:grave_key":1,"minecraft:dirt":9,"minecraft:string":1,"minecraft:name_tag":1,"minecraft:leather_boots":1,"minecraft:bone":3,"minecraft:stone_bricks":1,"minecraft:bow":1,"minecraft:spruce_planks":1,"minecraft:iron_ingot":26,"minecraft:stone_pickaxe":1,"minecraft:melon_slice":4,"minecraft:oak_planks":20,"jeg:tech_trash":3,"minecraft:egg":1,"minecraft:stick":7,"minecraft:raw_iron":6,"minecraft:sandstone":30,"minecraft:torch":2,"minecraft:sand":8,"tombstone:grave_dust":2,"minecraft:tnt":1,"minecraft:arrow":6,"minecraft:rotten_flesh":16,"minecraft:diamond":64,"minecraft:stone_axe":1,"minecraft:golden_apple":1,"minecraft:chainmail_helmet":2,"tombstone:magic_scroll":2,"paraglider:horned_statue":2,"minecraft:chorus_fruit":1,"minecraft:bricks":5,"minecraft:cobblestone":25},"minecraft:used":{"minecraft:chorus_fruit":1,"minecraft:stone_pickaxe":4,"minecraft:oak_planks":4,"minecraft:spruce_planks":1,"minecraft:chainmail_helmet":1,"minecraft:leather_boots":1,"minecraft:rotten_flesh":16,"minecraft:torch":8,"minecraft:golden_apple":1,"minecraft:dirt":2,"minecraft:crafting_table":1,"minecraft:stone_axe":45,"minecraft:bow":4,"tombstone:gift":1,"minecraft:cobweb":2},"minecraft:killed":{"minecraft:zombie_villager":1,"minecraft:spider":1,"minecraft:skeleton":2,"minecraft:zombie":4},"minecraft:custom":{"minecraft:mob_kills":8,"minecraft:interact_with_crafting_table":3,"minecraft:time_since_death":6261,"minecraft:time_since_rest":3862,"minecraft:sprint_one_cm":124909,"minecraft:walk_one_cm":91877,"minecraft:damage_taken":2699,"minecraft:damage_absorbed":180,"minecraft:drop":7,"minecraft:damage_dealt":2343,"tombstone:cast_on_ally":1,"minecraft:swim_one_cm":7562,"minecraft:fly_one_cm":302473,"minecraft:open_chest":60,"minecraft:crouch_one_cm":908,"minecraft:play_time":38150,"tombstone:undead_killed":7,"minecraft:deaths":4,"minecraft:sneak_time":253,"minecraft:walk_under_water_one_cm":2045,"minecraft:jump":1111,"minecraft:walk_on_water_one_cm":1626,"minecraft:total_world_time":38150,"minecraft:fall_one_cm":22874},"minecraft:dropped":{"minecraft:diamond":64,"minecraft:chainmail_helmet":2,"tombstone:grave_key":2,"minecraft:leather_boots":1,"minecraft:egg":1}},"DataVersion":3465}