{"stats":{"minecraft:killed_by":{"minecraft:player":1,"minecraft:zombie":1},"minecraft:mined":{"minecraft:spruce_planks":1,"minecraft:crafting_table":2,"minecraft:grass_block":1,"minecraft:oak_planks":1,"minecraft:wall_torch":1,"minecraft:coarse_dirt":21,"minecraft:furnace":1,"paraglider:horned_statue":1,"minecraft:iron_ore":3,"minecraft:sweet_berry_bush":5,"minecraft:grass":1,"minecraft:oak_log":12,"minecraft:coal_ore":19,"minecraft:dirt":2,"minecraft:cobweb":3,"minecraft:stone":5,"minecraft:fern":3},"minecraft:crafted":{"minecraft:oak_planks":72,"minecraft:crafting_table":3,"minecraft:iron_helmet":1,"minecraft:wooden_pickaxe":1,"minecraft:iron_sword":1,"minecraft:furnace":1,"minecraft:iron_boots":1,"minecraft:iron_chestplate":1,"minecraft:stick":4,"minecraft:chest":1,"minecraft:iron_leggings":1,"minecraft:torch":4},"minecraft:broken":{"minecraft:stone_axe":1},"minecraft:picked_up":{"minecraft:crafting_table":3,"minecraft:iron_chestplate":3,"minecraft:coarse_dirt":57,"minecraft:chicken":1,"minecraft:leather":8,"minecraft:oak_stairs":2,"minecraft:potato":3,"minecraft:potion":2,"minecraft:enchanted_book":2,"minecraft:oak_log":30,"tombstone:grave_key":1,"scalinghealth:bandages":12,"iceandfire:armor_silver_metal_chestplate":4,"iceandfire:dragonscales_blue":9,"minecraft:string":6,"minecraft:dirt":10,"minecraft:name_tag":2,"minecraft:iron_leggings":1,"minecraft:leather_boots":1,"minecraft:bone":3,"minecraft:stone_bricks":1,"minecraft:bow":2,"minecraft:wheat_seeds":2,"minecraft:spruce_planks":1,"minecraft:beef":15,"minecraft:iron_ingot":43,"minecraft:stone_pickaxe":2,"minecraft:cobweb":1,"minecraft:poppy":1,"minecraft:melon_slice":8,"minecraft:oak_planks":20,"jeg:tech_trash":6,"iceandfire:ice_dragon_heart":1,"minecraft:furnace":1,"minecraft:iron_boots":2,"minecraft:egg":4,"minecraft:stick":12,"minecraft:raw_iron":9,"minecraft:sandstone":30,"iceandfire:dragonbone":10,"minecraft:cooked_porkchop":8,"minecraft:sweet_berries":13,"minecraft:torch":3,"minecraft:porkchop":14,"minecraft:sand":8,"tombstone:grave_dust":4,"minecraft:tnt":2,"minecraft:arrow":7,"minecraft:rotten_flesh":22,"minecraft:diamond":64,"minecraft:stone_axe":2,"minecraft:iron_helmet":1,"minecraft:golden_apple":1,"minecraft:chainmail_helmet":2,"tombstone:magic_scroll":2,"paraglider:horned_statue":3,"iceandfire:silver_nugget":14,"minecraft:chorus_fruit":1,"minecraft:bricks":8,"minecraft:coal":35,"minecraft:cobblestone":51},"minecraft:used":{"minecraft:stone_pickaxe":29,"minecraft:chorus_fruit":1,"minecraft:oak_planks":4,"minecraft:spruce_planks":1,"minecraft:iron_sword":16,"minecraft:chainmail_helmet":1,"minecraft:leather_boots":1,"minecraft:rotten_flesh":22,"minecraft:torch":9,"minecraft:golden_apple":1,"minecraft:dirt":2,"minecraft:crafting_table":5,"minecraft:melon_slice":4,"minecraft:stone_axe":72,"minecraft:bow":4,"minecraft:porkchop":2,"minecraft:cooked_porkchop":8,"minecraft:furnace":1,"tombstone:gift":1,"minecraft:coarse_dirt":11,"minecraft:potato":1,"minecraft:cobweb":5},"minecraft:killed":{"minecraft:pig":6,"minecraft:zombie_villager":1,"minecraft:spider":1,"minecraft:skeleton":2,"minecraft:pillager":2,"minecraft:zombie":4,"minecraft:chicken":1,"minecraft:cow":7},"minecraft:custom":{"minecraft:interact_with_furnace":1,"minecraft:mob_kills":24,"tombstone:raider_killed":2,"minecraft:interact_with_crafting_table":12,"minecraft:leave_game":1,"minecraft:time_since_death":21921,"minecraft:time_since_rest":19740,"minecraft:sprint_one_cm":191364,"minecraft:damage_absorbed":180,"minecraft:damage_taken":3810,"minecraft:walk_one_cm":131759,"minecraft:drop":19,"minecraft:damage_dealt":4716,"tombstone:cast_on_ally":1,"minecraft:swim_one_cm":25079,"minecraft:fly_one_cm":457990,"minecraft:open_chest":64,"minecraft:crouch_one_cm":2047,"minecraft:play_time":61812,"tombstone:undead_killed":7,"minecraft:deaths":5,"minecraft:sneak_time":865,"minecraft:walk_under_water_one_cm":3346,"minecraft:jump":2293,"minecraft:walk_on_water_one_cm":3301,"minecraft:total_world_time":61812,"minecraft:fall_one_cm":42173},"minecraft:dropped":{"minecraft:wheat_seeds":1,"minecraft:coarse_dirt":40,"minecraft:diamond":64,"minecraft:iron_boots":1,"minecraft:chainmail_helmet":2,"minecraft:dirt":1,"tombstone:grave_key":2,"minecraft:iron_chestplate":3,"minecraft:leather_boots":1,"iceandfire:armor_silver_metal_chestplate":4,"minecraft:egg":1}},"DataVersion":3465}